Workbook

Sheet Ref_Continente
A1: Pais (Partner) | B1: Continente
A2: Algeria | B2: Africa
A3: Areas, nes | B3: Sin clasificar
A4: Argentina | B4: South America
A5: Armenia | B5: Asia
A6: Aruba | B6: North America
A7: Australia | B7: Oceania
A8: Austria | B8: Europe
A9: Azerbaijan | B9: Asia
A10: Bahamas | B10: North America
A11: Bahrain | B11: Asia
A12: Belarus | B12: Europe
... A113: Viet Nam | B113: Asia

Sheet Ref_Acuerdos
A1: Pais (Partner) | B1: Tipo (FTA/PTA) | C1: Año inicio vigencia | D1: Tariff (%) | E1: Fuente / Nota
A2: Argentina | B2: PTA | C2: 2008 | D2: 5 | E2: Ecuador-Mercosur ACE 59 - preferencias parciales (tarifa referencial)
A3: Austria | B3: FTA | C3: 2017 | D3: 0 | E3: UE-Ecuador Acuerdo Multipartes, vigente desde ene-2017
A4: Belgium | B4: FTA | C4: 2017 | D4: 0 | E4: UE-Ecuador Acuerdo Multipartes, vigente desde ene-2017
A5: Bolivia (Plurinational State of) | B5: PTA | C5: 2008 | D5: 0 | E5: Comunidad Andina (CAN) - libre comercio intracomunitario
A6: Brazil | B6: PTA | C6: 2008 | D6: 5 | E6: Ecuador-Mercosur ACE 59 - preferencias parciales (tarifa referencial)
A7: Bulgaria | B7: FTA | C7: 2017 | D7: 0 | E7: UE-Ecuador Acuerdo Multipartes, vigente desde ene-2017
A8: Chile | B8: FTA | C8: 2010 | D8: 0 | E8: Ecuador-Chile ACE 65, vigente desde 2010
A9: China | B9: FTA | C9: 2024 | D9: 0 | E9: Ecuador-China TLC, vigente desde may-2024
A10: Colombia | B10: PTA | C10: 2008 | D10: 0 | E10: Comunidad Andina (CAN) - libre comercio intracomunitario
A11: Costa Rica | B11: FTA | C11: 2024 | D11: 0 | E11: Ecuador-Costa Rica TLC, vigente desde oct-2024
A12: Croatia | B12: FTA | C12: 2017 | D12: 0 | E12: UE-Ecuador Acuerdo Multipartes, vigente desde ene-2017
A13: Cuba | B13: PTA | C13: 2008 | D13: 10 | E13: ALADI - Acuerdo de Alcance Parcial (preferencia limitada, tarifa referencial)
... A45: Uruguay | B45: PTA | C45: 2008 | D45: 5 | E45: Ecuador-Mercosur ACE 59 - preferencias parciales (tarifa referencial)
A48: Fuentes: SICE-OEA (sice.oas.org/ctyindex/ecu), Ministerio de Produccion, Comercio Exterior e Inversiones de Ecuador (produccion.gob.ec), cobertura de prensa sobre los 13 acuerdos comerciales vigentes de Ecuador (jul-2026). Paises sin fila aqui = sin FTA/PTA identificado (arancel NMF). Tarifas de bloques sin arancel especifico publicado para esta partida son referenciales (Mercosur ACE59 ~5%, AAP ALADI ~10%) y deben verificarse.

Sheet Datos
A1: Año | B1: Pais (Partner) | C1: Continente | D1: Valor Exportado (US$) | E1: Peso Neto (kg) | F1: Distancia Ecuador (km) | G1: PIB pais importador (US$) | H1: FTA (1=Si) | I1: PTA (1=Si) | J1: Tariff aplicado (%) | K1: Fuente / Nota del acuerdo
A2: 2008 | B2: USA | C2: =IFERROR(VLOOKUP($B2,Ref_Continente!$A:$B,2,FALSE()),"Sin clasificar") -> North America | D2: 209615 | E2: 33543 | F2: 4550 | G2: 14769857911000 | H2: =IFERROR(IF(AND(VLOOKUP($B2,Ref_Acuerdos!$A:$E,2,FALSE())="FTA",$A2>=VLOOKUP($B2,Ref_Acuerdos!$A:$E,3,FALSE())),1,0),0) -> 0 | I2: =IFERROR(IF(AND(VLOOKUP($B2,Ref_Acuerdos!$A:$E,2,FALSE())="PTA",$A2>=VLOOKUP($B2,Ref_Acuerdos!$A:$E,3,FALSE())),1,0),0) -> 0 | J2: =IFERROR(IF($A2>=VLOOKUP($B2,Ref_Acuerdos!$A:$E,3,FALSE()),VLOOKUP($B2,Ref_Acuerdos!$A:$E,4,FALSE()),""),"") | K2: =IFERROR(IF($A2>=VLOOKUP($B2,Ref_Acuerdos!$A:$E,3,FALSE()),VLOOKUP($B2,Ref_Acuerdos!$A:$E,5,FALSE()),"Sin FTA/PTA vigente ese año - arancel NMF"),"Sin FTA/PTA identificado - arancel NMF") -> Sin FTA/PTA identificado - arancel NMF
A3: 2008 | B3: Netherlands | C3: =IFERROR(VLOOKUP($B3,Ref_Continente!$A:$B,2,FALSE()),"Sin clasificar") -> Europe | D3: 177619 | E3: 3628 | F3: 9300 | G3: 9.5790157e+11 | H3: =IFERROR(IF(AND(VLOOKUP($B3,Ref_Acuerdos!$A:$E,2,FALSE())="FTA",$A3>=VLOOKUP($B3,Ref_Acuerdos!$A:$E,3,FALSE())),1,0),0) -> 0 | I3: =IFERROR(IF(AND(VLOOKUP($B3,Ref_Acuerdos!$A:$E,2,FALSE())="PTA",$A3>=VLOOKUP($B3,Ref_Acuerdos!$A:$E,3,FALSE())),1,0),0) -> 0 | J3: =IFERROR(IF($A3>=VLOOKUP($B3,Ref_Acuerdos!$A:$E,3,FALSE()),VLOOKUP($B3,Ref_Acuerdos!$A:$E,4,FALSE()),""),"") | K3: =IFERROR(IF($A3>=VLOOKUP($B3,Ref_Acuerdos!$A:$E,3,FALSE()),VLOOKUP($B3,Ref_Acuerdos!$A:$E,5,FALSE()),"Sin FTA/PTA vigente ese año - arancel NMF"),"Sin FTA/PTA identificado - arancel NMF") -> Sin FTA/PTA vigente ese año - arancel NMF
A4: 2008 | B4: Russian Federation | C4: =IFERROR(VLOOKUP($B4,Ref_Continente!$A:$B,2,FALSE()),"Sin clasificar") -> Europe | D4: 104941 | E4: 12157 | F4: 12000 | G4: 1.6608481e+12 | H4: =IFERROR(IF(AND(VLOOKUP($B4,Ref_Acuerdos!$A:$E,2,FALSE())="FTA",$A4>=VLOOKUP($B4,Ref_Acuerdos!$A:$E,3,FALSE())),1,0),0) -> 0 | I4: =IFERROR(IF(AND(VLOOKUP($B4,Ref_Acuerdos!$A:$E,2,FALSE())="PTA",$A4>=VLOOKUP($B4,Ref_Acuerdos!$A:$E,3,FALSE())),1,0),0) -> 0 | J4: =IFERROR(IF($A4>=VLOOKUP($B4,Ref_Acuerdos!$A:$E,3,FALSE()),VLOOKUP($B4,Ref_Acuerdos!$A:$E,4,FALSE()),""),"") | K4: =IFERROR(IF($A4>=VLOOKUP($B4,Ref_Acuerdos!$A:$E,3,FALSE()),VLOOKUP($B4,Ref_Acuerdos!$A:$E,5,FALSE()),"Sin FTA/PTA vigente ese año - arancel NMF"),"Sin FTA/PTA identificado - arancel NMF") -> Sin FTA/PTA identificado - arancel NMF
A5: 2008 | B5: Panama | C5: =IFERROR(VLOOKUP($B5,Ref_Continente!$A:$B,2,FALSE()),"Sin clasificar") -> North America | D5: 19799 | E5: 3539 | F5: 1020 | G5: 2.5721328e+10 | H5: =IFERROR(IF(AND(VLOOKUP($B5,Ref_Acuerdos!$A:$E,2,FALSE())="FTA",$A5>=VLOOKUP($B5,Ref_Acuerdos!$A:$E,3,FALSE())),1,0),0) -> 0 | I5: =IFERROR(IF(AND(VLOOKUP($B5,Ref_Acuerdos!$A:$E,2,FALSE())="PTA",$A5>=VLOOKUP($B5,Ref_Acuerdos!$A:$E,3,FALSE())),1,0),0) -> 1 | J5: =IFERROR(IF($A5>=VLOOKUP($B5,Ref_Acuerdos!$A:$E,3,FALSE()),VLOOKUP($B5,Ref_Acuerdos!$A:$E,4,FALSE()),""),"") -> 10 | K5: =IFERROR(IF($A5>=VLOOKUP($B5,Ref_Acuerdos!$A:$E,3,FALSE()),VLOOKUP($B5,Ref_Acuerdos!$A:$E,5,FALSE()),"Sin FTA/PTA vigente ese año - arancel NMF"),"Sin FTA/PTA identificado - arancel NMF") -> ALADI - Acuerdo de Alcance Parcial (preferencia limitada, tarifa referencial)
A6: 2008 | B6: Colombia | C6: =IFERROR(VLOOKUP($B6,Ref_Continente!$A:$B,2,FALSE()),"Sin clasificar") -> South America | D6: 13200 | E6: 15 | F6: 720 | G6: 2.4250415e+11 | H6: =IFERROR(IF(AND(VLOOKUP($B6,Ref_Acuerdos!$A:$E,2,FALSE())="FTA",$A6>=VLOOKUP($B6,Ref_Acuerdos!$A:$E,3,FALSE())),1,0),0) -> 0 | I6: =IFERROR(IF(AND(VLOOKUP($B6,Ref_Acuerdos!$A:$E,2,FALSE())="PTA",$A6>=VLOOKUP($B6,Ref_Acuerdos!$A:$E,3,FALSE())),1,0),0) -> 1 | J6: =IFERROR(IF($A6>=VLOOKUP($B6,Ref_Acuerdos!$A:$E,3,FALSE()),VLOOKUP($B6,Ref_Acuerdos!$A:$E,4,FALSE()),""),"") -> 0 | K6: =IFERROR(IF($A6>=VLOOKUP($B6,Ref_Acuerdos!$A:$E,3,FALSE()),VLOOKUP($B6,Ref_Acuerdos!$A:$E,5,FALSE()),"Sin FTA/PTA vigente ese año - arancel NMF"),"Sin FTA/PTA identificado - arancel NMF") -> Comunidad Andina (CAN) - libre comercio intracomunitario
A7: 2008 | B7: Netherlands Antilles (...2010) | C7: =IFERROR(VLOOKUP($B7,Ref_Continente!$A:$B,2,FALSE()),"Sin clasificar") -> North America | D7: 11547 | E7: 273 | F7: 2250 | H7: =IFERROR(IF(AND(VLOOKUP($B7,Ref_Acuerdos!$A:$E,2,FALSE())="FTA",$A7>=VLOOKUP($B7,Ref_Acuerdos!$A:$E,3,FALSE())),1,0),0) -> 0 | I7: =IFERROR(IF(AND(VLOOKUP($B7,Ref_Acuerdos!$A:$E,2,FALSE())="PTA",$A7>=VLOOKUP($B7,Ref_Acuerdos!$A:$E,3,FALSE())),1,0),0) -> 0 | J7: =IFERROR(IF($A7>=VLOOKUP($B7,Ref_Acuerdos!$A:$E,3,FALSE()),VLOOKUP($B7,Ref_Acuerdos!$A:$E,4,FALSE()),""),"") | K7: =IFERROR(IF($A7>=VLOOKUP($B7,Ref_Acuerdos!$A:$E,3,FALSE()),VLOOKUP($B7,Ref_Acuerdos!$A:$E,5,FALSE()),"Sin FTA/PTA vigente ese año - arancel NMF"),"Sin FTA/PTA identificado - arancel NMF") -> Sin FTA/PTA identificado - arancel NMF
A8: 2008 | B8: Dominican Rep. | C8: =IFERROR(VLOOKUP($B8,Ref_Continente!$A:$B,2,FALSE()),"Sin clasificar") -> North America | D8: 6105 | E8: 1072 | F8: 2200 | G8: 4.8091434e+10 | H8: =IFERROR(IF(AND(VLOOKUP($B8,Ref_Acuerdos!$A:$E,2,FALSE())="FTA",$A8>=VLOOKUP($B8,Ref_Acuerdos!$A:$E,3,FALSE())),1,0),0) -> 0 | I8: =IFERROR(IF(AND(VLOOKUP($B8,Ref_Acuerdos!$A:$E,2,FALSE())="PTA",$A8>=VLOOKUP($B8,Ref_Acuerdos!$A:$E,3,FALSE())),1,0),0) -> 0 | J8: =IFERROR(IF($A8>=VLOOKUP($B8,Ref_Acuerdos!$A:$E,3,FALSE()),VLOOKUP($B8,Ref_Acuerdos!$A:$E,4,FALSE()),""),"") | K8: =IFERROR(IF($A8>=VLOOKUP($B8,Ref_Acuerdos!$A:$E,3,FALSE()),VLOOKUP($B8,Ref_Acuerdos!$A:$E,5,FALSE()),"Sin FTA/PTA vigente ese año - arancel NMF"),"Sin FTA/PTA identificado - arancel NMF") -> Sin FTA/PTA identificado - arancel NMF
A9: 2008 | B9: Canada | C9: =IFERROR(VLOOKUP($B9,Ref_Continente!$A:$B,2,FALSE()),"Sin clasificar") -> North America | D9: 3648 | E9: 715 | F9: 5900 | G9: 1.5529897e+12 | H9: =IFERROR(IF(AND(VLOOKUP($B9,Ref_Acuerdos!$A:$E,2,FALSE())="FTA",$A9>=VLOOKUP($B9,Ref_Acuerdos!$A:$E,3,FALSE())),1,0),0) -> 0 | I9: =IFERROR(IF(AND(VLOOKUP($B9,Ref_Acuerdos!$A:$E,2,FALSE())="PTA",$A9>=VLOOKUP($B9,Ref_Acuerdos!$A:$E,3,FALSE())),1,0),0) -> 0 | J9: =IFERROR(IF($A9>=VLOOKUP($B9,Ref_Acuerdos!$A:$E,3,FALSE()),VLOOKUP($B9,Ref_Acuerdos!$A:$E,4,FALSE()),""),"") | K9: =IFERROR(IF($A9>=VLOOKUP($B9,Ref_Acuerdos!$A:$E,3,FALSE()),VLOOKUP($B9,Ref_Acuerdos!$A:$E,5,FALSE()),"Sin FTA/PTA vigente ese año - arancel NMF"),"Sin FTA/PTA identificado - arancel NMF") -> Sin FTA/PTA identificado - arancel NMF
A10: 2008 | B10: Spain | C10: =IFERROR(VLOOKUP($B10,Ref_Continente!$A:$B,2,FALSE()),"Sin clasificar") -> Europe | D10: 2509 | E10: 442 | F10: 8700 | G10: 1.6361154e+12 | H10: =IFERROR(IF(AND(VLOOKUP($B10,Ref_Acuerdos!$A:$E,2,FALSE())="FTA",$A10>=VLOOKUP($B10,Ref_Acuerdos!$A:$E,3,FALSE())),1,0),0) -> 0 | I10: =IFERROR(IF(AND(VLOOKUP($B10,Ref_Acuerdos!$A:$E,2,FALSE())="PTA",$A10>=VLOOKUP($B10,Ref_Acuerdos!$A:$E,3,FALSE())),1,0),0) -> 0 | J10: =IFERROR(IF($A10>=VLOOKUP($B10,Ref_Acuerdos!$A:$E,3,FALSE()),VLOOKUP($B10,Ref_Acuerdos!$A:$E,4,FALSE()),""),"") | K10: =IFERROR(IF($A10>=VLOOKUP($B10,Ref_Acuerdos!$A:$E,3,FALSE()),VLOOKUP($B10,Ref_Acuerdos!$A:$E,5,FALSE()),"Sin FTA/PTA vigente ese año - arancel NMF"),"Sin FTA/PTA identificado - arancel NMF") -> Sin FTA/PTA vigente ese año - arancel NMF
A11: 2008 | B11: Free Zones | C11: =IFERROR(VLOOKUP($B11,Ref_Continente!$A:$B,2,FALSE()),"Sin clasificar") -> Sin clasificar | D11: 2029 | E11: 539 | F11: 0 | H11: =IFERROR(IF(AND(VLOOKUP($B11,Ref_Acuerdos!$A:$E,2,FALSE())="FTA",$A11>=VLOOKUP($B11,Ref_Acuerdos!$A:$E,3,FALSE())),1,0),0) -> 0 | I11: =IFERROR(IF(AND(VLOOKUP($B11,Ref_Acuerdos!$A:$E,2,FALSE())="PTA",$A11>=VLOOKUP($B11,Ref_Acuerdos!$A:$E,3,FALSE())),1,0),0) -> 0 | J11: =IFERROR(IF($A11>=VLOOKUP($B11,Ref_Acuerdos!$A:$E,3,FALSE()),VLOOKUP($B11,Ref_Acuerdos!$A:$E,4,FALSE()),""),"") | K11: =IFERROR(IF($A11>=VLOOKUP($B11,Ref_Acuerdos!$A:$E,3,FALSE()),VLOOKUP($B11,Ref_Acuerdos!$A:$E,5,FALSE()),"Sin FTA/PTA vigente ese año - arancel NMF"),"Sin FTA/PTA identificado - arancel NMF") -> Sin FTA/PTA identificado - arancel NMF
A12: 2008 | B12: Chile | C12: =IFERROR(VLOOKUP($B12,Ref_Continente!$A:$B,2,FALSE()),"Sin clasificar") -> South America | D12: 1210 | E12: 440 | F12: 2600 | G12: 1.7989459e+11 | H12: =IFERROR(IF(AND(VLOOKUP($B12,Ref_Acuerdos!$A:$E,2,FALSE())="FTA",$A12>=VLOOKUP($B12,Ref_Acuerdos!$A:$E,3,FALSE())),1,0),0) -> 0 | I12: =IFERROR(IF(AND(VLOOKUP($B12,Ref_Acuerdos!$A:$E,2,FALSE())="PTA",$A12>=VLOOKUP($B12,Ref_Acuerdos!$A:$E,3,FALSE())),1,0),0) -> 0 | J12: =IFERROR(IF($A12>=VLOOKUP($B12,Ref_Acuerdos!$A:$E,3,FALSE()),VLOOKUP($B12,Ref_Acuerdos!$A:$E,4,FALSE()),""),"") | K12: =IFERROR(IF($A12>=VLOOKUP($B12,Ref_Acuerdos!$A:$E,3,FALSE()),VLOOKUP($B12,Ref_Acuerdos!$A:$E,5,FALSE()),"Sin FTA/PTA vigente ese año - arancel NMF"),"Sin FTA/PTA identificado - arancel NMF") -> Sin FTA/PTA vigente ese año - arancel NMF
A13: 2008 | B13: China, Hong Kong SAR | C13: =IFERROR(VLOOKUP($B13,Ref_Continente!$A:$B,2,FALSE()),"Sin clasificar") -> Asia | D13: 1175 | E13: 147 | F13: 17700 | G13: 2.1927875e+11 | H13: =IFERROR(IF(AND(VLOOKUP($B13,Ref_Acuerdos!$A:$E,2,FALSE())="FTA",$A13>=VLOOKUP($B13,Ref_Acuerdos!$A:$E,3,FALSE())),1,0),0) -> 0 | I13: =IFERROR(IF(AND(VLOOKUP($B13,Ref_Acuerdos!$A:$E,2,FALSE())="PTA",$A13>=VLOOKUP($B13,Ref_Acuerdos!$A:$E,3,FALSE())),1,0),0) -> 0 | J13: =IFERROR(IF($A13>=VLOOKUP($B13,Ref_Acuerdos!$A:$E,3,FALSE()),VLOOKUP($B13,Ref_Acuerdos!$A:$E,4,FALSE()),""),"") | K13: =IFERROR(IF($A13>=VLOOKUP($B13,Ref_Acuerdos!$A:$E,3,FALSE()),VLOOKUP($B13,Ref_Acuerdos!$A:$E,5,FALSE()),"Sin FTA/PTA vigente ese año - arancel NMF"),"Sin FTA/PTA identificado - arancel NMF") -> Sin FTA/PTA identificado - arancel NMF
A14: 2008 | B14: Germany | C14: =IFERROR(VLOOKUP($B14,Ref_Continente!$A:$B,2,FALSE()),"Sin clasificar") -> Europe | D14: 661 | E14: 212 | F14: 9650 | G14: 3808197720125 | H14: =IFERROR(IF(AND(VLOOKUP($B14,Ref_Acuerdos!$A:$E,2,FALSE())="FTA",$A14>=VLOOKUP($B14,Ref_Acuerdos!$A:$E,3,FALSE())),1,0),0) -> 0 | I14: =IFERROR(IF(AND(VLOOKUP($B14,Ref_Acuerdos!$A:$E,2,FALSE())="PTA",$A14>=VLOOKUP($B14,Ref_Acuerdos!$A:$E,3,FALSE())),1,0),0) -> 0 | J14: =IFERROR(IF($A14>=VLOOKUP($B14,Ref_Acuerdos!$A:$E,3,FALSE()),VLOOKUP($B14,Ref_Acuerdos!$A:$E,4,FALSE()),""),"") | K14: =IFERROR(IF($A14>=VLOOKUP($B14,Ref_Acuerdos!$A:$E,3,FALSE()),VLOOKUP($B14,Ref_Acuerdos!$A:$E,5,FALSE()),"Sin FTA/PTA vigente ese año - arancel NMF"),"Sin FTA/PTA identificado - arancel NMF") -> Sin FTA/PTA vigente ese año - arancel NMF
A15: 2008 | B15: France | C15: =IFERROR(VLOOKUP($B15,Ref_Continente!$A:$B,2,FALSE()),"Sin clasificar") -> Europe | D15: 436 | E15: 127 | F15: 9150 | G15: 2.9268029e+12 | H15: =IFERROR(IF(AND(VLOOKUP($B15,Ref_Acuerdos!$A:$E,2,FALSE())="FTA",$A15>=VLOOKUP($B15,Ref_Acuerdos!$A:$E,3,FALSE())),1,0),0) -> 0 | I15: =IFERROR(IF(AND(VLOOKUP($B15,Ref_Acuerdos!$A:$E,2,FALSE())="PTA",$A15>=VLOOKUP($B15,Ref_Acuerdos!$A:$E,3,FALSE())),1,0),0) -> 0 | J15: =IFERROR(IF($A15>=VLOOKUP($B15,Ref_Acuerdos!$A:$E,3,FALSE()),VLOOKUP($B15,Ref_Acuerdos!$A:$E,4,FALSE()),""),"") | K15: =IFERROR(IF($A15>=VLOOKUP($B15,Ref_Acuerdos!$A:$E,3,FALSE()),VLOOKUP($B15,Ref_Acuerdos!$A:$E,5,FALSE()),"Sin FTA/PTA vigente ese año - arancel NMF"),"Sin FTA/PTA identificado - arancel NMF") -> Sin FTA/PTA vigente ese año - arancel NMF
A16: 2008 | B16: Italy | C16: =IFERROR(VLOOKUP($B16,Ref_Continente!$A:$B,2,FALSE()),"Sin clasificar") -> Europe | D16: 358 | E16: 120 | F16: 10100 | G16: 2.4175084e+12 | H16: =IFERROR(IF(AND(VLOOKUP($B16,Ref_Acuerdos!$A:$E,2,FALSE())="FTA",$A16>=VLOOKUP($B16,Ref_Acuerdos!$A:$E,3,FALSE())),1,0),0) -> 0 | I16: =IFERROR(IF(AND(VLOOKUP($B16,Ref_Acuerdos!$A:$E,2,FALSE())="PTA",$A16>=VLOOKUP($B16,Ref_Acuerdos!$A:$E,3,FALSE())),1,0),0) -> 0 | J16: =IFERROR(IF($A16>=VLOOKUP($B16,Ref_Acuerdos!$A:$E,3,FALSE()),VLOOKUP($B16,Ref_Acuerdos!$A:$E,4,FALSE()),""),"") | K16: =IFERROR(IF($A16>=VLOOKUP($B16,Ref_Acuerdos!$A:$E,3,FALSE()),VLOOKUP($B16,Ref_Acuerdos!$A:$E,5,FALSE()),"Sin FTA/PTA vigente ese año - arancel NMF"),"Sin FTA/PTA identificado - arancel NMF") -> Sin FTA/PTA vigente ese año - arancel NMF
A17: 2008 | B17: Singapore | C17: =IFERROR(VLOOKUP($B17,Ref_Continente!$A:$B,2,FALSE()),"Sin clasificar") -> Asia | D17: 357 | E17: 55 | F17: 18800 | G17: 1.9361732e+11 | H17: =IFERROR(IF(AND(VLOOKUP($B17,Ref_Acuerdos!$A:$E,2,FALSE())="FTA",$A17>=VLOOKUP($B17,Ref_Acuerdos!$A:$E,3,FALSE())),1,0),0) -> 0 | I17: =IFERROR(IF(AND(VLOOKUP($B17,Ref_Acuerdos!$A:$E,2,FALSE())="PTA",$A17>=VLOOKUP($B17,Ref_Acuerdos!$A:$E,3,FALSE())),1,0),0) -> 0 | J17: =IFERROR(IF($A17>=VLOOKUP($B17,Ref_Acuerdos!$A:$E,3,FALSE()),VLOOKUP($B17,Ref_Acuerdos!$A:$E,4,FALSE()),""),"") | K17: =IFERROR(IF($A17>=VLOOKUP($B17,Ref_Acuerdos!$A:$E,3,FALSE()),VLOOKUP($B17,Ref_Acuerdos!$A:$E,5,FALSE()),"Sin FTA/PTA vigente ese año - arancel NMF"),"Sin FTA/PTA identificado - arancel NMF") -> Sin FTA/PTA identificado - arancel NMF
A18: 2008 | B18: Belgium | C18: =IFERROR(VLOOKUP($B18,Ref_Continente!$A:$B,2,FALSE()),"Sin clasificar") -> Europe | D18: 211 | E18: 36 | F18: 9350 | G18: 5.1732809e+11 | H18: =IFERROR(IF(AND(VLOOKUP($B18,Ref_Acuerdos!$A:$E,2,FALSE())="FTA",$A18>=VLOOKUP($B18,Ref_Acuerdos!$A:$E,3,FALSE())),1,0),0) -> 0 | I18: =IFERROR(IF(AND(VLOOKUP($B18,Ref_Acuerdos!$A:$E,2,FALSE())="PTA",$A18>=VLOOKUP($B18,Ref_Acuerdos!$A:$E,3,FALSE())),1,0),0) -> 0 | J18: =IFERROR(IF($A18>=VLOOKUP($B18,Ref_Acuerdos!$A:$E,3,FALSE()),VLOOKUP($B18,Ref_Acuerdos!$A:$E,4,FALSE()),""),"") | K18: =IFERROR(IF($A18>=VLOOKUP($B18,Ref_Acuerdos!$A:$E,3,FALSE()),VLOOKUP($B18,Ref_Acuerdos!$A:$E,5,FALSE()),"Sin FTA/PTA vigente ese año - arancel NMF"),"Sin FTA/PTA identificado - arancel NMF") -> Sin FTA/PTA vigente ese año - arancel NMF
A19: 2008 | B19: Guam | C19: =IFERROR(VLOOKUP($B19,Ref_Continente!$A:$B,2,FALSE()),"Sin clasificar") -> Oceania | D19: 156 | E19: 22 | F19: 14200 | G19: 4658000000 | H19: =IFERROR(IF(AND(VLOOKUP($B19,Ref_Acuerdos!$A:$E,2,FALSE())="FTA",$A19>=VLOOKUP($B19,Ref_Acuerdos!$A:$E,3,FALSE())),1,0),0) -> 0 | I19: =IFERROR(IF(AND(VLOOKUP($B19,Ref_Acuerdos!$A:$E,2,FALSE())="PTA",$A19>=VLOOKUP($B19,Ref_Acuerdos!$A:$E,3,FALSE())),1,0),0) -> 0 | J19: =IFERROR(IF($A19>=VLOOKUP($B19,Ref_Acuerdos!$A:$E,3,FALSE()),VLOOKUP($B19,Ref_Acuerdos!$A:$E,4,FALSE()),""),"") | K19: =IFERROR(IF($A19>=VLOOKUP($B19,Ref_Acuerdos!$A:$E,3,FALSE()),VLOOKUP($B19,Ref_Acuerdos!$A:$E,5,FALSE()),"Sin FTA/PTA vigente ese año - arancel NMF"),"Sin FTA/PTA identificado - arancel NMF") -> Sin FTA/PTA identificado - arancel NMF
A20: 2008 | B20: United Kingdom | C20: =IFERROR(VLOOKUP($B20,Ref_Continente!$A:$B,2,FALSE()),"Sin clasificar") -> Europe | D20: 98 | E20: 30 | F20: 9200 | G20: 2.9452518e+12 | H20: =IFERROR(IF(AND(VLOOKUP($B20,Ref_Acuerdos!$A:$E,2,FALSE())="FTA",$A20>=VLOOKUP($B20,Ref_Acuerdos!$A:$E,3,FALSE())),1,0),0) -> 0 | I20: =IFERROR(IF(AND(VLOOKUP($B20,Ref_Acuerdos!$A:$E,2,FALSE())="PTA",$A20>=VLOOKUP($B20,Ref_Acuerdos!$A:$E,3,FALSE())),1,0),0) -> 0 | J20: =IFERROR(IF($A20>=VLOOKUP($B20,Ref_Acuerdos!$A:$E,3,FALSE()),VLOOKUP($B20,Ref_Acuerdos!$A:$E,4,FALSE()),""),"") | K20: =IFERROR(IF($A20>=VLOOKUP($B20,Ref_Acuerdos!$A:$E,3,FALSE()),VLOOKUP($B20,Ref_Acuerdos!$A:$E,5,FALSE()),"Sin FTA/PTA vigente ese año - arancel NMF"),"Sin FTA/PTA identificado - arancel NMF") -> Sin FTA/PTA vigente ese año - arancel NMF
A21: 2008 | B21: Argentina | C21: =IFERROR(VLOOKUP($B21,Ref_Continente!$A:$B,2,FALSE()),"Sin clasificar") -> South America | D21: 48 | E21: 9 | F21: 4320 | G21: 3.6155804e+11 | H21: =IFERROR(IF(AND(VLOOKUP($B21,Ref_Acuerdos!$A:$E,2,FALSE())="FTA",$A21>=VLOOKUP($B21,Ref_Acuerdos!$A:$E,3,FALSE())),1,0),0) -> 0 | I21: =IFERROR(IF(AND(VLOOKUP($B21,Ref_Acuerdos!$A:$E,2,FALSE())="PTA",$A21>=VLOOKUP($B21,Ref_Acuerdos!$A:$E,3,FALSE())),1,0),0) -> 1 | J21: =IFERROR(IF($A21>=VLOOKUP($B21,Ref_Acuerdos!$A:$E,3,FALSE()),VLOOKUP($B21,Ref_Acuerdos!$A:$E,4,FALSE()),""),"") -> 5 | K21: =IFERROR(IF($A21>=VLOOKUP($B21,Ref_Acuerdos!$A:$E,3,FALSE()),VLOOKUP($B21,Ref_Acuerdos!$A:$E,5,FALSE()),"Sin FTA/PTA vigente ese año - arancel NMF"),"Sin FTA/PTA identificado - arancel NMF") -> Ecuador-Mercosur ACE 59 - preferencias parciales (tarifa referencial)
A22: 2009 | B22: Russian Federation | C22: =IFERROR(VLOOKUP($B22,Ref_Continente!$A:$B,2,FALSE()),"Sin clasificar") -> Europe | D22: 3058726 | E22: 777809 | F22: 12000 | G22: 1.2226459e+12 | H22: =IFERROR(IF(AND(VLOOKUP($B22,Ref_Acuerdos!$A:$E,2,FALSE())="FTA",$A22>=VLOOKUP($B22,Ref_Acuerdos!$A:$E,3,FALSE())),1,0),0) -> 0 | I22: =IFERROR(IF(AND(VLOOKUP($B22,Ref_Acuerdos!$A:$E,2,FALSE())="PTA",$A22>=VLOOKUP($B22,Ref_Acuerdos!$A:$E,3,FALSE())),1,0),0) -> 0 | J22: =IFERROR(IF($A22>=VLOOKUP($B22,Ref_Acuerdos!$A:$E,3,FALSE()),VLOOKUP($B22,Ref_Acuerdos!$A:$E,4,FALSE()),""),"") | K22: =IFERROR(IF($A22>=VLOOKUP($B22,Ref_Acuerdos!$A:$E,3,FALSE()),VLOOKUP($B22,Ref_Acuerdos!$A:$E,5,FALSE()),"Sin FTA/PTA vigente ese año - arancel NMF"),"Sin FTA/PTA identificado - arancel NMF") -> Sin FTA/PTA identificado - arancel NMF
A23: 2009 | B23: USA | C23: =IFERROR(VLOOKUP($B23,Ref_Continente!$A:$B,2,FALSE()),"Sin clasificar") -> North America | D23: 1985662 | E23: 326492 | F23: 4550 | G23: 14478064934000 | H23: =IFERROR(IF(AND(VLOOKUP($B23,Ref_Acuerdos!$A:$E,2,FALSE())="FTA",$A23>=VLOOKUP($B23,Ref_Acuerdos!$A:$E,3,FALSE())),1,0),0) -> 0 | I23: =IFERROR(IF(AND(VLOOKUP($B23,Ref_Acuerdos!$A:$E,2,FALSE())="PTA",$A23>=VLOOKUP($B23,Ref_Acuerdos!$A:$E,3,FALSE())),1,0),0) -> 0 | J23: =IFERROR(IF($A23>=VLOOKUP($B23,Ref_Acuerdos!$A:$E,3,FALSE()),VLOOKUP($B23,Ref_Acuerdos!$A:$E,4,FALSE()),""),"") | K23: =IFERROR(IF($A23>=VLOOKUP($B23,Ref_Acuerdos!$A:$E,3,FALSE()),VLOOKUP($B23,Ref_Acuerdos!$A:$E,5,FALSE()),"Sin FTA/PTA vigente ese año - arancel NMF"),"Sin FTA/PTA identificado - arancel NMF") -> Sin FTA/PTA identificado - arancel NMF
... A29: 2009 | B29: Colombia | C29: =IFERROR(VLOOKUP($B29,Ref_Continente!$A:$B,2,FALSE()),"Sin clasificar") -> South America | D29: 166414 | E29: 47787 | F29: 720 | G29: 2.3246866e+11 | H29: =IFERROR(IF(AND(VLOOKUP($B29,Ref_Acuerdos!$A:$E,2,FALSE())="FTA",$A29>=VLOOKUP($B29,Ref_Acuerdos!$A:$E,3,FALSE())),1,0),0) -> 0 | I29: =IFERROR(IF(AND(VLOOKUP($B29,Ref_Acuerdos!$A:$E,2,FALSE())="PTA",$A29>=VLOOKUP($B29,Ref_Acuerdos!$A:$E,3,FALSE())),1,0),0) -> 1 | J29: =IFERROR(IF($A29>=VLOOKUP($B29,Ref_Acuerdos!$A:$E,3,FALSE()),VLOOKUP($B29,Ref_Acuerdos!$A:$E,4,FALSE()),""),"") -> 0 | K29: =IFERROR(IF($A29>=VLOOKUP($B29,Ref_Acuerdos!$A:$E,3,FALSE()),VLOOKUP($B29,Ref_Acuerdos!$A:$E,5,FALSE()),"Sin FTA/PTA vigente ese año - arancel NMF"),"Sin FTA/PTA identificado - arancel NMF") -> Comunidad Andina (CAN) - libre comercio intracomunitario
A30: 2009 | B30: Netherlands Antilles (...2010) | C30: =IFERROR(VLOOKUP($B30,Ref_Continente!$A:$B,2,FALSE()),"Sin clasificar") -> North America | D30: 104817 | E30: 27726 | F30: 2250 | H30: =IFERROR(IF(AND(VLOOKUP($B30,Ref_Acuerdos!$A:$E,2,FALSE())="FTA",$A30>=VLOOKUP($B30,Ref_Acuerdos!$A:$E,3,FALSE())),1,0),0) -> 0 | I30: =IFERROR(IF(AND(VLOOKUP($B30,Ref_Acuerdos!$A:$E,2,FALSE())="PTA",$A30>=VLOOKUP($B30,Ref_Acuerdos!$A:$E,3,FALSE())),1,0),0) -> 0 | J30: =IFERROR(IF($A30>=VLOOKUP($B30,Ref_Acuerdos!$A:$E,3,FALSE()),VLOOKUP($B30,Ref_Acuerdos!$A:$E,4,FALSE()),""),"") | K30: =IFERROR(IF($A30>=VLOOKUP($B30,Ref_Acuerdos!$A:$E,3,FALSE()),VLOOKUP($B30,Ref_Acuerdos!$A:$E,5,FALSE()),"Sin FTA/PTA vigente ese año - arancel NMF"),"Sin FTA/PTA identificado - arancel NMF") -> Sin FTA/PTA identificado - arancel NMF
A31: 2009 | B31: Australia | C31: =IFERROR(VLOOKUP($B31,Ref_Continente!$A:$B,2,FALSE()),"Sin clasificar") -> Oceania | D31: 70321 | E31: 18122 | F31: 14000 | G31: 9.3176169e+11 | H31: =IFERROR(IF(AND(VLOOKUP($B31,Ref_Acuerdos!$A:$E,2,FALSE())="FTA",$A31>=VLOOKUP($B31,Ref_Acuerdos!$A:$E,3,FALSE())),1,0),0) -> 0 | I31: =IFERROR(IF(AND(VLOOKUP($B31,Ref_Acuerdos!$A:$E,2,FALSE())="PTA",$A31>=VLOOKUP($B31,Ref_Acuerdos!$A:$E,3,FALSE())),1,0),0) -> 0 | J31: =IFERROR(IF($A31>=VLOOKUP($B31,Ref_Acuerdos!$A:$E,3,FALSE()),VLOOKUP($B31,Ref_Acuerdos!$A:$E,4,FALSE()),""),"") | K31: =IFERROR(IF($A31>=VLOOKUP($B31,Ref_Acuerdos!$A:$E,3,FALSE()),VLOOKUP($B31,Ref_Acuerdos!$A:$E,5,FALSE()),"Sin FTA/PTA vigente ese año - arancel NMF"),"Sin FTA/PTA identificado - arancel NMF") -> Sin FTA/PTA identificado - arancel NMF
A32: 2009 | B32: Panama | C32: =IFERROR(VLOOKUP($B32,Ref_Continente!$A:$B,2,FALSE()),"Sin clasificar") -> North America | D32: 58156 | E32: 14669 | F32: 1020 | G32: 2.7791216e+10 | H32: =IFERROR(IF(AND(VLOOKUP($B32,Ref_Acuerdos!$A:$E,2,FALSE())="FTA",$A32>=VLOOKUP($B32,Ref_Acuerdos!$A:$E,3,FALSE())),1,0),0) -> 0 | I32: =IFERROR(IF(AND(VLOOKUP($B32,Ref_Acuerdos!$A:$E,2,FALSE())="PTA",$A32>=VLOOKUP($B32,Ref_Acuerdos!$A:$E,3,FALSE())),1,0),0) -> 1 | J32: =IFERROR(IF($A32>=VLOOKUP($B32,Ref_Acuerdos!$A:$E,3,FALSE()),VLOOKUP($B32,Ref_Acuerdos!$A:$E,4,FALSE()),""),"") -> 10 | K32: =IFERROR(IF($A32>=VLOOKUP($B32,Ref_Acuerdos!$A:$E,3,FALSE()),VLOOKUP($B32,Ref_Acuerdos!$A:$E,5,FALSE()),"Sin FTA/PTA vigente ese año - arancel NMF"),"Sin FTA/PTA identificado - arancel NMF") -> ALADI - Acuerdo de Alcance Parcial (preferencia limitada, tarifa referencial)
A33: 2009 | B33: Canada | C33: =IFERROR(VLOOKUP($B33,Ref_Continente!$A:$B,2,FALSE()),"Sin clasificar") -> North America | D33: 47391 | E33: 11929 | F33: 5900 | G33: 1.3746251e+12 | H33: =IFERROR(IF(AND(VLOOKUP($B33,Ref_Acuerdos!$A:$E,2,FALSE())="FTA",$A33>=VLOOKUP($B33,Ref_Acuerdos!$A:$E,3,FALSE())),1,0),0) -> 0 | I33: =IFERROR(IF(AND(VLOOKUP($B33,Ref_Acuerdos!$A:$E,2,FALSE())="PTA",$A33>=VLOOKUP($B33,Ref_Acuerdos!$A:$E,3,FALSE())),1,0),0) -> 0 | J33: =IFERROR(IF($A33>=VLOOKUP($B33,Ref_Acuerdos!$A:$E,3,FALSE()),VLOOKUP($B33,Ref_Acuerdos!$A:$E,4,FALSE()),""),"") | K33: =IFERROR(IF($A33>=VLOOKUP($B33,Ref_Acuerdos!$A:$E,3,FALSE()),VLOOKUP($B33,Ref_Acuerdos!$A:$E,5,FALSE()),"Sin FTA/PTA vigente ese año - arancel NMF"),"Sin FTA/PTA identificado - arancel NMF") -> Sin FTA/PTA identificado - arancel NMF
A34: 2009 | B34: Germany | C34: =IFERROR(VLOOKUP($B34,Ref_Continente!$A:$B,2,FALSE()),"Sin clasificar") -> Europe | D34: 39339 | E34: 9814 | F34: 9650 | G34: 3.4785455e+12 | H34: =IFERROR(IF(AND(VLOOKUP($B34,Ref_Acuerdos!$A:$E,2,FALSE())="FTA",$A34>=VLOOKUP($B34,Ref_Acuerdos!$A:$E,3,FALSE())),1,0),0) -> 0 | I34: =IFERROR(IF(AND(VLOOKUP($B34,Ref_Acuerdos!$A:$E,2,FALSE())="PTA",$A34>=VLOOKUP($B34,Ref_Acuerdos!$A:$E,3,FALSE())),1,0),0) -> 0 | J34: =IFERROR(IF($A34>=VLOOKUP($B34,Ref_Acuerdos!$A:$E,3,FALSE()),VLOOKUP($B34,Ref_Acuerdos!$A:$E,4,FALSE()),""),"") | K34: =IFERROR(IF($A34>=VLOOKUP($B34,Ref_Acuerdos!$A:$E,3,FALSE()),VLOOKUP($B34,Ref_Acuerdos!$A:$E,5,FALSE()),"Sin FTA/PTA vigente ese año - arancel NMF"),"Sin FTA/PTA identificado - arancel NMF") -> Sin FTA/PTA vigente ese año - arancel NMF
A35: 2009 | B35: Chile | C35: =IFERROR(VLOOKUP($B35,Ref_Continente!$A:$B,2,FALSE()),"Sin clasificar") -> South America | D35: 38005 | E35: 11396 | F35: 2600 | G35: 1.717779e+11 | H35: =IFERROR(IF(AND(VLOOKUP($B35,Ref_Acuerdos!$A:$E,2,FALSE())="FTA",$A35>=VLOOKUP($B35,Ref_Acuerdos!$A:$E,3,FALSE())),1,0),0) -> 0 | I35: =IFERROR(IF(AND(VLOOKUP($B35,Ref_Acuerdos!$A:$E,2,FALSE())="PTA",$A35>=VLOOKUP($B35,Ref_Acuerdos!$A:$E,3,FALSE())),1,0),0) -> 0 | J35: =IFERROR(IF($A35>=VLOOKUP($B35,Ref_Acuerdos!$A:$E,3,FALSE()),VLOOKUP($B35,Ref_Acuerdos!$A:$E,4,FALSE()),""),"") | K35: =IFERROR(IF($A35>=VLOOKUP($B35,Ref_Acuerdos!$A:$E,3,FALSE()),VLOOKUP($B35,Ref_Acuerdos!$A:$E,5,FALSE()),"Sin FTA/PTA vigente ese año - arancel NMF"),"Sin FTA/PTA identificado - arancel NMF") -> Sin FTA/PTA vigente ese año - arancel NMF
A36: 2009 | B36: Cuba | C36: =IFERROR(VLOOKUP($B36,Ref_Continente!$A:$B,2,FALSE()),"Sin clasificar") -> North America | D36: 23008 | E36: 4374 | F36: 2450 | G36: 5.7481481e+10 | H36: =IFERROR(IF(AND(VLOOKUP($B36,Ref_Acuerdos!$A:$E,2,FALSE())="FTA",$A36>=VLOOKUP($B36,Ref_Acuerdos!$A:$E,3,FALSE())),1,0),0) -> 0 | I36: =IFERROR(IF(AND(VLOOKUP($B36,Ref_Acuerdos!$A:$E,2,FALSE())="PTA",$A36>=VLOOKUP($B36,Ref_Acuerdos!$A:$E,3,FALSE())),1,0),0) -> 1 | J36: =IFERROR(IF($A36>=VLOOKUP($B36,Ref_Acuerdos!$A:$E,3,FALSE()),VLOOKUP($B36,Ref_Acuerdos!$A:$E,4,FALSE()),""),"") -> 10 | K36: =IFERROR(IF($A36>=VLOOKUP($B36,Ref_Acuerdos!$A:$E,3,FALSE()),VLOOKUP($B36,Ref_Acuerdos!$A:$E,5,FALSE()),"Sin FTA/PTA vigente ese año - arancel NMF"),"Sin FTA/PTA identificado - arancel NMF") -> ALADI - Acuerdo de Alcance Parcial (preferencia limitada, tarifa referencial)
A37: 2009 | B37: Portugal | C37: =IFERROR(VLOOKUP($B37,Ref_Continente!$A:$B,2,FALSE()),"Sin clasificar") -> Europe | D37: 20952 | E37: 4718 | F37: 8700 | G37: 2.4466776e+11 | H37: =IFERROR(IF(AND(VLOOKUP($B37,Ref_Acuerdos!$A:$E,2,FALSE())="FTA",$A37>=VLOOKUP($B37,Ref_Acuerdos!$A:$E,3,FALSE())),1,0),0) -> 0 | I37: =IFERROR(IF(AND(VLOOKUP($B37,Ref_Acuerdos!$A:$E,2,FALSE())="PTA",$A37>=VLOOKUP($B37,Ref_Acuerdos!$A:$E,3,FALSE())),1,0),0) -> 0 | J37: =IFERROR(IF($A37>=VLOOKUP($B37,Ref_Acuerdos!$A:$E,3,FALSE()),VLOOKUP($B37,Ref_Acuerdos!$A:$E,4,FALSE()),""),"") | K37: =IFERROR(IF($A37>=VLOOKUP($B37,Ref_Acuerdos!$A:$E,3,FALSE()),VLOOKUP($B37,Ref_Acuerdos!$A:$E,5,FALSE()),"Sin FTA/PTA vigente ese año - arancel NMF"),"Sin FTA/PTA identificado - arancel NMF") -> Sin FTA/PTA vigente ese año - arancel NMF
A38: 2009 | B38: Iran | C38: =IFERROR(VLOOKUP($B38,Ref_Continente!$A:$B,2,FALSE()),"Sin clasificar") -> Asia | D38: 20282 | E38: 1998 | H38: =IFERROR(IF(AND(VLOOKUP($B38,Ref_Acuerdos!$A:$E,2,FALSE())="FTA",$A38>=VLOOKUP($B38,Ref_Acuerdos!$A:$E,3,FALSE())),1,0),0) -> 0 | I38: =IFERROR(IF(AND(VLOOKUP($B38,Ref_Acuerdos!$A:$E,2,FALSE())="PTA",$A38>=VLOOKUP($B38,Ref_Acuerdos!$A:$E,3,FALSE())),1,0),0) -> 0 | J38: =IFERROR(IF($A38>=VLOOKUP($B38,Ref_Acuerdos!$A:$E,3,FALSE()),VLOOKUP($B38,Ref_Acuerdos!$A:$E,4,FALSE()),""),"") | K38: =IFERROR(IF($A38>=VLOOKUP($B38,Ref_Acuerdos!$A:$E,3,FALSE()),VLOOKUP($B38,Ref_Acuerdos!$A:$E,5,FALSE()),"Sin FTA/PTA vigente ese año - arancel NMF"),"Sin FTA/PTA identificado - arancel NMF") -> Sin FTA/PTA identificado - arancel NMF
A39: 2009 | B39: Philippines | C39: =IFERROR(VLOOKUP($B39,Ref_Continente!$A:$B,2,FALSE()),"Sin clasificar") -> Asia | D39: 18020 | E39: 1055 | F39: 17800 | G39: 1.7597476e+11 | H39: =IFERROR(IF(AND(VLOOKUP($B39,Ref_Acuerdos!$A:$E,2,FALSE())="FTA",$A39>=VLOOKUP($B39,Ref_Acuerdos!$A:$E,3,FALSE())),1,0),0) -> 0 | I39: =IFERROR(IF(AND(VLOOKUP($B39,Ref_Acuerdos!$A:$E,2,FALSE())="PTA",$A39>=VLOOKUP($B39,Ref_Acuerdos!$A:$E,3,FALSE())),1,0),0) -> 0 | J39: =IFERROR(IF($A39>=VLOOKUP($B39,Ref_Acuerdos!$A:$E,3,FALSE()),VLOOKUP($B39,Ref_Acuerdos!$A:$E,4,FALSE()),""),"") | K39: =IFERROR(IF($A39>=VLOOKUP($B39,Ref_Acuerdos!$A:$E,3,FALSE()),VLOOKUP($B39,Ref_Acuerdos!$A:$E,5,FALSE()),"Sin FTA/PTA vigente ese año - arancel NMF"),"Sin FTA/PTA identificado - arancel NMF") -> Sin FTA/PTA identificado - arancel NMF
A40: 2009 | B40: France | C40: =IFERROR(VLOOKUP($B40,Ref_Continente!$A:$B,2,FALSE()),"Sin clasificar") -> Europe | D40: 17594 | E40: 3191 | F40: 9150 | G40: 2.7000759e+12 | H40: =IFERROR(IF(AND(VLOOKUP($B40,Ref_Acuerdos!$A:$E,2,FALSE())="FTA",$A40>=VLOOKUP($B40,Ref_Acuerdos!$A:$E,3,FALSE())),1,0),0) -> 0 | I40: =IFERROR(IF(AND(VLOOKUP($B40,Ref_Acuerdos!$A:$E,2,FALSE())="PTA",$A40>=VLOOKUP($B40,Ref_Acuerdos!$A:$E,3,FALSE())),1,0),0) -> 0 | J40: =IFERROR(IF($A40>=VLOOKUP($B40,Ref_Acuerdos!$A:$E,3,FALSE()),VLOOKUP($B40,Ref_Acuerdos!$A:$E,4,FALSE()),""),"") | K40: =IFERROR(IF($A40>=VLOOKUP($B40,Ref_Acuerdos!$A:$E,3,FALSE()),VLOOKUP($B40,Ref_Acuerdos!$A:$E,5,FALSE()),"Sin FTA/PTA vigente ese año - arancel NMF"),"Sin FTA/PTA identificado - arancel NMF") -> Sin FTA/PTA vigente ese año - arancel NMF
A41: 2009 | B41: Sweden | C41: =IFERROR(VLOOKUP($B41,Ref_Continente!$A:$B,2,FALSE()),"Sin clasificar") -> Europe | D41: 16290 | E41: 4099 | F41: 10000 | G41: 4.3431171e+11 | H41: =IFERROR(IF(AND(VLOOKUP($B41,Ref_Acuerdos!$A:$E,2,FALSE())="FTA",$A41>=VLOOKUP($B41,Ref_Acuerdos!$A:$E,3,FALSE())),1,0),0) -> 0 | I41: =IFERROR(IF(AND(VLOOKUP($B41,Ref_Acuerdos!$A:$E,2,FALSE())="PTA",$A41>=VLOOKUP($B41,Ref_Acuerdos!$A:$E,3,FALSE())),1,0),0) -> 0 | J41: =IFERROR(IF($A41>=VLOOKUP($B41,Ref_Acuerdos!$A:$E,3,FALSE()),VLOOKUP($B41,Ref_Acuerdos!$A:$E,4,FALSE()),""),"") | K41: =IFERROR(IF($A41>=VLOOKUP($B41,Ref_Acuerdos!$A:$E,3,FALSE()),VLOOKUP($B41,Ref_Acuerdos!$A:$E,5,FALSE()),"Sin FTA/PTA vigente ese año - arancel NMF"),"Sin FTA/PTA identificado - arancel NMF") -> Sin FTA/PTA vigente ese año - arancel NMF
A42: 2009 | B42: Uruguay | C42: =IFERROR(VLOOKUP($B42,Ref_Continente!$A:$B,2,FALSE()),"Sin clasificar") -> South America | D42: 11311 | E42: 2701 | F42: 4650 | G42: 3.2708319e+10 | H42: =IFERROR(IF(AND(VLOOKUP($B42,Ref_Acuerdos!$A:$E,2,FALSE())="FTA",$A42>=VLOOKUP($B42,Ref_Acuerdos!$A:$E,3,FALSE())),1,0),0) -> 0 | I42: =IFERROR(IF(AND(VLOOKUP($B42,Ref_Acuerdos!$A:$E,2,FALSE())="PTA",$A42>=VLOOKUP($B42,Ref_Acuerdos!$A:$E,3,FALSE())),1,0),0) -> 1 | J42: =IFERROR(IF($A42>=VLOOKUP($B42,Ref_Acuerdos!$A:$E,3,FALSE()),VLOOKUP($B42,Ref_Acuerdos!$A:$E,4,FALSE()),""),"") -> 5 | K42: =IFERROR(IF($A42>=VLOOKUP($B42,Ref_Acuerdos!$A:$E,3,FALSE()),VLOOKUP($B42,Ref_Acuerdos!$A:$E,5,FALSE()),"Sin FTA/PTA vigente ese año - arancel NMF"),"Sin FTA/PTA identificado - arancel NMF") -> Ecuador-Mercosur ACE 59 - preferencias parciales (tarifa referencial)
A43: 2009 | B43: United Arab Emirates | C43: =IFERROR(VLOOKUP($B43,Ref_Continente!$A:$B,2,FALSE()),"Sin clasificar") -> Asia | D43: 9377 | E43: 1668 | F43: 14200 | G43: 2.5354736e+11 | H43: =IFERROR(IF(AND(VLOOKUP($B43,Ref_Acuerdos!$A:$E,2,FALSE())="FTA",$A43>=VLOOKUP($B43,Ref_Acuerdos!$A:$E,3,FALSE())),1,0),0) -> 0 | I43: =IFERROR(IF(AND(VLOOKUP($B43,Ref_Acuerdos!$A:$E,2,FALSE())="PTA",$A43>=VLOOKUP($B43,Ref_Acuerdos!$A:$E,3,FALSE())),1,0),0) -> 0 | J43: =IFERROR(IF($A43>=VLOOKUP($B43,Ref_Acuerdos!$A:$E,3,FALSE()),VLOOKUP($B43,Ref_Acuerdos!$A:$E,4,FALSE()),""),"") | K43: =IFERROR(IF($A43>=VLOOKUP($B43,Ref_Acuerdos!$A:$E,3,FALSE()),VLOOKUP($B43,Ref_Acuerdos!$A:$E,5,FALSE()),"Sin FTA/PTA vigente ese año - arancel NMF"),"Sin FTA/PTA identificado - arancel NMF") -> Sin FTA/PTA identificado - arancel NMF
A44: 2009 | B44: Nicaragua | C44: =IFERROR(VLOOKUP($B44,Ref_Continente!$A:$B,2,FALSE()),"Sin clasificar") -> North America | D44: 8653 | E44: 1632 | F44: 1730 | G44: 8.2987025e+09 | H44: =IFERROR(IF(AND(VLOOKUP($B44,Ref_Acuerdos!$A:$E,2,FALSE())="FTA",$A44>=VLOOKUP($B44,Ref_Acuerdos!$A:$E,3,FALSE())),1,0),0) -> 0 | I44: =IFERROR(IF(AND(VLOOKUP($B44,Ref_Acuerdos!$A:$E,2,FALSE())="PTA",$A44>=VLOOKUP($B44,Ref_Acuerdos!$A:$E,3,FALSE())),1,0),0) -> 1 | J44: =IFERROR(IF($A44>=VLOOKUP($B44,Ref_Acuerdos!$A:$E,3,FALSE()),VLOOKUP($B44,Ref_Acuerdos!$A:$E,4,FALSE()),""),"") -> 10 | K44: =IFERROR(IF($A44>=VLOOKUP($B44,Ref_Acuerdos!$A:$E,3,FALSE()),VLOOKUP($B44,Ref_Acuerdos!$A:$E,5,FALSE()),"Sin FTA/PTA vigente ese año - arancel NMF"),"Sin FTA/PTA identificado - arancel NMF") -> ALADI - Acuerdo de Alcance Parcial (preferencia limitada, tarifa referencial)
A45: 2009 | B45: Saudi Arabia | C45: =IFERROR(VLOOKUP($B45,Ref_Continente!$A:$B,2,FALSE()),"Sin clasificar") -> Asia | D45: 7644 | E45: 2128 | F45: 13800 | G45: 4.2909787e+11 | H45: =IFERROR(IF(AND(VLOOKUP($B45,Ref_Acuerdos!$A:$E,2,FALSE())="FTA",$A45>=VLOOKUP($B45,Ref_Acuerdos!$A:$E,3,FALSE())),1,0),0) -> 0 | I45: =IFERROR(IF(AND(VLOOKUP($B45,Ref_Acuerdos!$A:$E,2,FALSE())="PTA",$A45>=VLOOKUP($B45,Ref_Acuerdos!$A:$E,3,FALSE())),1,0),0) -> 0 | J45: =IFERROR(IF($A45>=VLOOKUP($B45,Ref_Acuerdos!$A:$E,3,FALSE()),VLOOKUP($B45,Ref_Acuerdos!$A:$E,4,FALSE()),""),"") | K45: =IFERROR(IF($A45>=VLOOKUP($B45,Ref_Acuerdos!$A:$E,3,FALSE()),VLOOKUP($B45,Ref_Acuerdos!$A:$E,5,FALSE()),"Sin FTA/PTA vigente ese año - arancel NMF"),"Sin FTA/PTA identificado - arancel NMF") -> Sin FTA/PTA identificado - arancel NMF
A46: 2009 | B46: Belarus | C46: =IFERROR(VLOOKUP($B46,Ref_Continente!$A:$B,2,FALSE()),"Sin clasificar") -> Europe | D46: 7407 | E46: 2168 | F46: 10600 | G46: 5.0873167e+10 | H46: =IFERROR(IF(AND(VLOOKUP($B46,Ref_Acuerdos!$A:$E,2,FALSE())="FTA",$A46>=VLOOKUP($B46,Ref_Acuerdos!$A:$E,3,FALSE())),1,0),0) -> 0 | I46: =IFERROR(IF(AND(VLOOKUP($B46,Ref_Acuerdos!$A:$E,2,FALSE())="PTA",$A46>=VLOOKUP($B46,Ref_Acuerdos!$A:$E,3,FALSE())),1,0),0) -> 0 | J46: =IFERROR(IF($A46>=VLOOKUP($B46,Ref_Acuerdos!$A:$E,3,FALSE()),VLOOKUP($B46,Ref_Acuerdos!$A:$E,4,FALSE()),""),"") | K46: =IFERROR(IF($A46>=VLOOKUP($B46,Ref_Acuerdos!$A:$E,3,FALSE()),VLOOKUP($B46,Ref_Acuerdos!$A:$E,5,FALSE()),"Sin FTA/PTA vigente ese año - arancel NMF"),"Sin FTA/PTA identificado - arancel NMF") -> Sin FTA/PTA identificado - arancel NMF
A47: 2009 | B47: Qatar | C47: =IFERROR(VLOOKUP($B47,Ref_Continente!$A:$B,2,FALSE()),"Sin clasificar") -> Asia | D47: 5164 | E47: 1075 | F47: 14000 | G47: 9.7798352e+10 | H47: =IFERROR(IF(AND(VLOOKUP($B47,Ref_Acuerdos!$A:$E,2,FALSE())="FTA",$A47>=VLOOKUP($B47,Ref_Acuerdos!$A:$E,3,FALSE())),1,0),0) -> 0 | I47: =IFERROR(IF(AND(VLOOKUP($B47,Ref_Acuerdos!$A:$E,2,FALSE())="PTA",$A47>=VLOOKUP($B47,Ref_Acuerdos!$A:$E,3,FALSE())),1,0),0) -> 0 | J47: =IFERROR(IF($A47>=VLOOKUP($B47,Ref_Acuerdos!$A:$E,3,FALSE()),VLOOKUP($B47,Ref_Acuerdos!$A:$E,4,FALSE()),""),"") | K47: =IFERROR(IF($A47>=VLOOKUP($B47,Ref_Acuerdos!$A:$E,3,FALSE()),VLOOKUP($B47,Ref_Acuerdos!$A:$E,5,FALSE()),"Sin FTA/PTA vigente ese año - arancel NMF"),"Sin FTA/PTA identificado - arancel NMF") -> Sin FTA/PTA identificado - arancel NMF
A48: 2009 | B48: Brazil | C48: =IFERROR(VLOOKUP($B48,Ref_Continente!$A:$B,2,FALSE()),"Sin clasificar") -> South America | D48: 4668 | E48: 1384 | F48: 4330 | G48: 1.6669963e+12 | H48: =IFERROR(IF(AND(VLOOKUP($B48,Ref_Acuerdos!$A:$E,2,FALSE())="FTA",$A48>=VLOOKUP($B48,Ref_Acuerdos!$A:$E,3,FALSE())),1,0),0) -> 0 | I48: =IFERROR(IF(AND(VLOOKUP($B48,Ref_Acuerdos!$A:$E,2,FALSE())="PTA",$A48>=VLOOKUP($B48,Ref_Acuerdos!$A:$E,3,FALSE())),1,0),0) -> 1 | J48: =IFERROR(IF($A48>=VLOOKUP($B48,Ref_Acuerdos!$A:$E,3,FALSE()),VLOOKUP($B48,Ref_Acuerdos!$A:$E,4,FALSE()),""),"") -> 5 | K48: =IFERROR(IF($A48>=VLOOKUP($B48,Ref_Acuerdos!$A:$E,3,FALSE()),VLOOKUP($B48,Ref_Acuerdos!$A:$E,5,FALSE()),"Sin FTA/PTA vigente ese año - arancel NMF"),"Sin FTA/PTA identificado - arancel NMF") -> Ecuador-Mercosur ACE 59 - preferencias parciales (tarifa referencial)
A49: 2009 | B49: Argentina | C49: =IFERROR(VLOOKUP($B49,Ref_Continente!$A:$B,2,FALSE()),"Sin clasificar") -> South America | D49: 4459 | E49: 1418 | F49: 4320 | G49: 3.3297648e+11 | H49: =IFERROR(IF(AND(VLOOKUP($B49,Ref_Acuerdos!$A:$E,2,FALSE())="FTA",$A49>=VLOOKUP($B49,Ref_Acuerdos!$A:$E,3,FALSE())),1,0),0) -> 0 | I49: =IFERROR(IF(AND(VLOOKUP($B49,Ref_Acuerdos!$A:$E,2,FALSE())="PTA",$A49>=VLOOKUP($B49,Ref_Acuerdos!$A:$E,3,FALSE())),1,0),0) -> 1 | J49: =IFERROR(IF($A49>=VLOOKUP($B49,Ref_Acuerdos!$A:$E,3,FALSE()),VLOOKUP($B49,Ref_Acuerdos!$A:$E,4,FALSE()),""),"") -> 5 | K49: =IFERROR(IF($A49>=VLOOKUP($B49,Ref_Acuerdos!$A:$E,3,FALSE()),VLOOKUP($B49,Ref_Acuerdos!$A:$E,5,FALSE()),"Sin FTA/PTA vigente ese año - arancel NMF"),"Sin FTA/PTA identificado - arancel NMF") -> Ecuador-Mercosur ACE 59 - preferencias parciales (tarifa referencial)
A50: 2009 | B50: Switzerland | C50: =IFERROR(VLOOKUP($B50,Ref_Continente!$A:$B,2,FALSE()),"Sin clasificar") -> Europe | D50: 3350 | E50: 213 | F50: 9800 | G50: 5.5421292e+11 | H50: =IFERROR(IF(AND(VLOOKUP($B50,Ref_Acuerdos!$A:$E,2,FALSE())="FTA",$A50>=VLOOKUP($B50,Ref_Acuerdos!$A:$E,3,FALSE())),1,0),0) -> 0 | I50: =IFERROR(IF(AND(VLOOKUP($B50,Ref_Acuerdos!$A:$E,2,FALSE())="PTA",$A50>=VLOOKUP($B50,Ref_Acuerdos!$A:$E,3,FALSE())),1,0),0) -> 0 | J50: =IFERROR(IF($A50>=VLOOKUP($B50,Ref_Acuerdos!$A:$E,3,FALSE()),VLOOKUP($B50,Ref_Acuerdos!$A:$E,4,FALSE()),""),"") | K50: =IFERROR(IF($A50>=VLOOKUP($B50,Ref_Acuerdos!$A:$E,3,FALSE()),VLOOKUP($B50,Ref_Acuerdos!$A:$E,5,FALSE()),"Sin FTA/PTA vigente ese año - arancel NMF"),"Sin FTA/PTA identificado - arancel NMF") -> Sin FTA/PTA vigente ese año - arancel NMF
... A73: 2010 | B73: Canada | C73: =IFERROR(VLOOKUP($B73,Ref_Continente!$A:$B,2,FALSE()),"Sin clasificar") -> North America | D73: 126894 | E73: 27413 | F73: 5900 | G73: 1.6173434e+12 | H73: =IFERROR(IF(AND(VLOOKUP($B73,Ref_Acuerdos!$A:$E,2,FALSE())="FTA",$A73>=VLOOKUP($B73,Ref_Acuerdos!$A:$E,3,FALSE())),1,0),0) -> 0 | I73: =IFERROR(IF(AND(VLOOKUP($B73,Ref_Acuerdos!$A:$E,2,FALSE())="PTA",$A73>=VLOOKUP($B73,Ref_Acuerdos!$A:$E,3,FALSE())),1,0),0) -> 0 | J73: =IFERROR(IF($A73>=VLOOKUP($B73,Ref_Acuerdos!$A:$E,3,FALSE()),VLOOKUP($B73,Ref_Acuerdos!$A:$E,4,FALSE()),""),"") | K73: =IFERROR(IF($A73>=VLOOKUP($B73,Ref_Acuerdos!$A:$E,3,FALSE()),VLOOKUP($B73,Ref_Acuerdos!$A:$E,5,FALSE()),"Sin FTA/PTA vigente ese año - arancel NMF"),"Sin FTA/PTA identificado - arancel NMF") -> Sin FTA/PTA identificado - arancel NMF
A74: 2010 | B74: Areas, nes | C74: =IFERROR(VLOOKUP($B74,Ref_Continente!$A:$B,2,FALSE()),"Sin clasificar") -> Sin clasificar | D74: 113917 | E74: 13232 | F74: 0 | H74: =IFERROR(IF(AND(VLOOKUP($B74,Ref_Acuerdos!$A:$E,2,FALSE())="FTA",$A74>=VLOOKUP($B74,Ref_Acuerdos!$A:$E,3,FALSE())),1,0),0) -> 0 | I74: =IFERROR(IF(AND(VLOOKUP($B74,Ref_Acuerdos!$A:$E,2,FALSE())="PTA",$A74>=VLOOKUP($B74,Ref_Acuerdos!$A:$E,3,FALSE())),1,0),0) -> 0 | J74: =IFERROR(IF($A74>=VLOOKUP($B74,Ref_Acuerdos!$A:$E,3,FALSE()),VLOOKUP($B74,Ref_Acuerdos!$A:$E,4,FALSE()),""),"") | K74: =IFERROR(IF($A74>=VLOOKUP($B74,Ref_Acuerdos!$A:$E,3,FALSE()),VLOOKUP($B74,Ref_Acuerdos!$A:$E,5,FALSE()),"Sin FTA/PTA vigente ese año - arancel NMF"),"Sin FTA/PTA identificado - arancel NMF") -> Sin FTA/PTA identificado - arancel NMF
A75: 2010 | B75: Chile | C75: =IFERROR(VLOOKUP($B75,Ref_Continente!$A:$B,2,FALSE()),"Sin clasificar") -> South America | D75: 102934 | E75: 28064 | F75: 2600 | G75: 2.1705121e+11 | H75: =IFERROR(IF(AND(VLOOKUP($B75,Ref_Acuerdos!$A:$E,2,FALSE())="FTA",$A75>=VLOOKUP($B75,Ref_Acuerdos!$A:$E,3,FALSE())),1,0),0) -> 1 | I75: =IFERROR(IF(AND(VLOOKUP($B75,Ref_Acuerdos!$A:$E,2,FALSE())="PTA",$A75>=VLOOKUP($B75,Ref_Acuerdos!$A:$E,3,FALSE())),1,0),0) -> 0 | J75: =IFERROR(IF($A75>=VLOOKUP($B75,Ref_Acuerdos!$A:$E,3,FALSE()),VLOOKUP($B75,Ref_Acuerdos!$A:$E,4,FALSE()),""),"") -> 0 | K75: =IFERROR(IF($A75>=VLOOKUP($B75,Ref_Acuerdos!$A:$E,3,FALSE()),VLOOKUP($B75,Ref_Acuerdos!$A:$E,5,FALSE()),"Sin FTA/PTA vigente ese año - arancel NMF"),"Sin FTA/PTA identificado - arancel NMF") -> Ecuador-Chile ACE 65, vigente desde 2010
A76: 2010 | B76: Germany | C76: =IFERROR(VLOOKUP($B76,Ref_Continente!$A:$B,2,FALSE()),"Sin clasificar") -> Europe | D76: 71809 | E76: 17411 | F76: 9650 | G76: 3.4670938e+12 | H76: =IFERROR(IF(AND(VLOOKUP($B76,Ref_Acuerdos!$A:$E,2,FALSE())="FTA",$A76>=VLOOKUP($B76,Ref_Acuerdos!$A:$E,3,FALSE())),1,0),0) -> 0 | I76: =IFERROR(IF(AND(VLOOKUP($B76,Ref_Acuerdos!$A:$E,2,FALSE())="PTA",$A76>=VLOOKUP($B76,Ref_Acuerdos!$A:$E,3,FALSE())),1,0),0) -> 0 | J76: =IFERROR(IF($A76>=VLOOKUP($B76,Ref_Acuerdos!$A:$E,3,FALSE()),VLOOKUP($B76,Ref_Acuerdos!$A:$E,4,FALSE()),""),"") | K76: =IFERROR(IF($A76>=VLOOKUP($B76,Ref_Acuerdos!$A:$E,3,FALSE()),VLOOKUP($B76,Ref_Acuerdos!$A:$E,5,FALSE()),"Sin FTA/PTA vigente ese año - arancel NMF"),"Sin FTA/PTA identificado - arancel NMF") -> Sin FTA/PTA vigente ese año - arancel NMF
A77: 2010 | B77: Netherlands Antilles (...2010) | C77: =IFERROR(VLOOKUP($B77,Ref_Continente!$A:$B,2,FALSE()),"Sin clasificar") -> North America | D77: 46340 | E77: 9064 | F77: 2250 | H77: =IFERROR(IF(AND(VLOOKUP($B77,Ref_Acuerdos!$A:$E,2,FALSE())="FTA",$A77>=VLOOKUP($B77,Ref_Acuerdos!$A:$E,3,FALSE())),1,0),0) -> 0 | I77: =IFERROR(IF(AND(VLOOKUP($B77,Ref_Acuerdos!$A:$E,2,FALSE())="PTA",$A77>=VLOOKUP($B77,Ref_Acuerdos!$A:$E,3,FALSE())),1,0),0) -> 0 | J77: =IFERROR(IF($A77>=VLOOKUP($B77,Ref_Acuerdos!$A:$E,3,FALSE()),VLOOKUP($B77,Ref_Acuerdos!$A:$E,4,FALSE()),""),"") | K77: =IFERROR(IF($A77>=VLOOKUP($B77,Ref_Acuerdos!$A:$E,3,FALSE()),VLOOKUP($B77,Ref_Acuerdos!$A:$E,5,FALSE()),"Sin FTA/PTA vigente ese año - arancel NMF"),"Sin FTA/PTA identificado - arancel NMF") -> Sin FTA/PTA identificado - arancel NMF
A78: 2010 | B78: France | C78: =IFERROR(VLOOKUP($B78,Ref_Continente!$A:$B,2,FALSE()),"Sin clasificar") -> Europe | D78: 40636 | E78: 7706 | F78: 9150 | G78: 2.64623e+12 | H78: =IFERROR(IF(AND(VLOOKUP($B78,Ref_Acuerdos!$A:$E,2,FALSE())="FTA",$A78>=VLOOKUP($B78,Ref_Acuerdos!$A:$E,3,FALSE())),1,0),0) -> 0 | I78: =IFERROR(IF(AND(VLOOKUP($B78,Ref_Acuerdos!$A:$E,2,FALSE())="PTA",$A78>=VLOOKUP($B78,Ref_Acuerdos!$A:$E,3,FALSE())),1,0),0) -> 0 | J78: =IFERROR(IF($A78>=VLOOKUP($B78,Ref_Acuerdos!$A:$E,3,FALSE()),VLOOKUP($B78,Ref_Acuerdos!$A:$E,4,FALSE()),""),"") | K78: =IFERROR(IF($A78>=VLOOKUP($B78,Ref_Acuerdos!$A:$E,3,FALSE()),VLOOKUP($B78,Ref_Acuerdos!$A:$E,5,FALSE()),"Sin FTA/PTA vigente ese año - arancel NMF"),"Sin FTA/PTA identificado - arancel NMF") -> Sin FTA/PTA vigente ese año - arancel NMF
A79: 2010 | B79: Saudi Arabia | C79: =IFERROR(VLOOKUP($B79,Ref_Continente!$A:$B,2,FALSE()),"Sin clasificar") -> Asia | D79: 38032 | E79: 12564 | F79: 13800 | G79: 5.2820747e+11 | H79: =IFERROR(IF(AND(VLOOKUP($B79,Ref_Acuerdos!$A:$E,2,FALSE())="FTA",$A79>=VLOOKUP($B79,Ref_Acuerdos!$A:$E,3,FALSE())),1,0),0) -> 0 | I79: =IFERROR(IF(AND(VLOOKUP($B79,Ref_Acuerdos!$A:$E,2,FALSE())="PTA",$A79>=VLOOKUP($B79,Ref_Acuerdos!$A:$E,3,FALSE())),1,0),0) -> 0 | J79: =IFERROR(IF($A79>=VLOOKUP($B79,Ref_Acuerdos!$A:$E,3,FALSE()),VLOOKUP($B79,Ref_Acuerdos!$A:$E,4,FALSE()),""),"") | K79: =IFERROR(IF($A79>=VLOOKUP($B79,Ref_Acuerdos!$A:$E,3,FALSE()),VLOOKUP($B79,Ref_Acuerdos!$A:$E,5,FALSE()),"Sin FTA/PTA vigente ese año - arancel NMF"),"Sin FTA/PTA identificado - arancel NMF") -> Sin FTA/PTA identificado - arancel NMF
A80: 2010 | B80: Cuba | C80: =IFERROR(VLOOKUP($B80,Ref_Continente!$A:$B,2,FALSE()),"Sin clasificar") -> North America | D80: 33606 | E80: 7107 | F80: 2450 | G80: 5.9562963e+10 | H80: =IFERROR(IF(AND(VLOOKUP($B80,Ref_Acuerdos!$A:$E,2,FALSE())="FTA",$A80>=VLOOKUP($B80,Ref_Acuerdos!$A:$E,3,FALSE())),1,0),0) -> 0 | I80: =IFERROR(IF(AND(VLOOKUP($B80,Ref_Acuerdos!$A:$E,2,FALSE())="PTA",$A80>=VLOOKUP($B80,Ref_Acuerdos!$A:$E,3,FALSE())),1,0),0) -> 1 | J80: =IFERROR(IF($A80>=VLOOKUP($B80,Ref_Acuerdos!$A:$E,3,FALSE()),VLOOKUP($B80,Ref_Acuerdos!$A:$E,4,FALSE()),""),"") -> 10 | K80: =IFERROR(IF($A80>=VLOOKUP($B80,Ref_Acuerdos!$A:$E,3,FALSE()),VLOOKUP($B80,Ref_Acuerdos!$A:$E,5,FALSE()),"Sin FTA/PTA vigente ese año - arancel NMF"),"Sin FTA/PTA identificado - arancel NMF") -> ALADI - Acuerdo de Alcance Parcial (preferencia limitada, tarifa referencial)
A81: 2010 | B81: Australia | C81: =IFERROR(VLOOKUP($B81,Ref_Continente!$A:$B,2,FALSE()),"Sin clasificar") -> Oceania | D81: 25781 | E81: 5092 | F81: 14000 | G81: 1.1525666e+12 | H81: =IFERROR(IF(AND(VLOOKUP($B81,Ref_Acuerdos!$A:$E,2,FALSE())="FTA",$A81>=VLOOKUP($B81,Ref_Acuerdos!$A:$E,3,FALSE())),1,0),0) -> 0 | I81: =IFERROR(IF(AND(VLOOKUP($B81,Ref_Acuerdos!$A:$E,2,FALSE())="PTA",$A81>=VLOOKUP($B81,Ref_Acuerdos!$A:$E,3,FALSE())),1,0),0) -> 0 | J81: =IFERROR(IF($A81>=VLOOKUP($B81,Ref_Acuerdos!$A:$E,3,FALSE()),VLOOKUP($B81,Ref_Acuerdos!$A:$E,4,FALSE()),""),"") | K81: =IFERROR(IF($A81>=VLOOKUP($B81,Ref_Acuerdos!$A:$E,3,FALSE()),VLOOKUP($B81,Ref_Acuerdos!$A:$E,5,FALSE()),"Sin FTA/PTA vigente ese año - arancel NMF"),"Sin FTA/PTA identificado - arancel NMF") -> Sin FTA/PTA identificado - arancel NMF
A82: 2010 | B82: Switzerland | C82: =IFERROR(VLOOKUP($B82,Ref_Continente!$A:$B,2,FALSE()),"Sin clasificar") -> Europe | D82: 23099 | E82: 2317 | F82: 9800 | G82: 5.9885103e+11 | H82: =IFERROR(IF(AND(VLOOKUP($B82,Ref_Acuerdos!$A:$E,2,FALSE())="FTA",$A82>=VLOOKUP($B82,Ref_Acuerdos!$A:$E,3,FALSE())),1,0),0) -> 0 | I82: =IFERROR(IF(AND(VLOOKUP($B82,Ref_Acuerdos!$A:$E,2,FALSE())="PTA",$A82>=VLOOKUP($B82,Ref_Acuerdos!$A:$E,3,FALSE())),1,0),0) -> 0 | J82: =IFERROR(IF($A82>=VLOOKUP($B82,Ref_Acuerdos!$A:$E,3,FALSE()),VLOOKUP($B82,Ref_Acuerdos!$A:$E,4,FALSE()),""),"") | K82: =IFERROR(IF($A82>=VLOOKUP($B82,Ref_Acuerdos!$A:$E,3,FALSE()),VLOOKUP($B82,Ref_Acuerdos!$A:$E,5,FALSE()),"Sin FTA/PTA vigente ese año - arancel NMF"),"Sin FTA/PTA identificado - arancel NMF") -> Sin FTA/PTA vigente ese año - arancel NMF
A83: 2010 | B83: Kazakhstan | C83: =IFERROR(VLOOKUP($B83,Ref_Continente!$A:$B,2,FALSE()),"Sin clasificar") -> Asia | D83: 21634 | E83: 444 | F83: 13600 | G83: 1.4804735e+11 | H83: =IFERROR(IF(AND(VLOOKUP($B83,Ref_Acuerdos!$A:$E,2,FALSE())="FTA",$A83>=VLOOKUP($B83,Ref_Acuerdos!$A:$E,3,FALSE())),1,0),0) -> 0 | I83: =IFERROR(IF(AND(VLOOKUP($B83,Ref_Acuerdos!$A:$E,2,FALSE())="PTA",$A83>=VLOOKUP($B83,Ref_Acuerdos!$A:$E,3,FALSE())),1,0),0) -> 0 | J83: =IFERROR(IF($A83>=VLOOKUP($B83,Ref_Acuerdos!$A:$E,3,FALSE()),VLOOKUP($B83,Ref_Acuerdos!$A:$E,4,FALSE()),""),"") | K83: =IFERROR(IF($A83>=VLOOKUP($B83,Ref_Acuerdos!$A:$E,3,FALSE()),VLOOKUP($B83,Ref_Acuerdos!$A:$E,5,FALSE()),"Sin FTA/PTA vigente ese año - arancel NMF"),"Sin FTA/PTA identificado - arancel NMF") -> Sin FTA/PTA identificado - arancel NMF
A84: 2010 | B84: Kyrgyzstan | C84: =IFERROR(VLOOKUP($B84,Ref_Continente!$A:$B,2,FALSE()),"Sin clasificar") -> Asia | D84: 20448 | E84: 4183 | F84: 14300 | H84: =IFERROR(IF(AND(VLOOKUP($B84,Ref_Acuerdos!$A:$E,2,FALSE())="FTA",$A84>=VLOOKUP($B84,Ref_Acuerdos!$A:$E,3,FALSE())),1,0),0) -> 0 | I84: =IFERROR(IF(AND(VLOOKUP($B84,Ref_Acuerdos!$A:$E,2,FALSE())="PTA",$A84>=VLOOKUP($B84,Ref_Acuerdos!$A:$E,3,FALSE())),1,0),0) -> 0 | J84: =IFERROR(IF($A84>=VLOOKUP($B84,Ref_Acuerdos!$A:$E,3,FALSE()),VLOOKUP($B84,Ref_Acuerdos!$A:$E,4,FALSE()),""),"") | K84: =IFERROR(IF($A84>=VLOOKUP($B84,Ref_Acuerdos!$A:$E,3,FALSE()),VLOOKUP($B84,Ref_Acuerdos!$A:$E,5,FALSE()),"Sin FTA/PTA vigente ese año - arancel NMF"),"Sin FTA/PTA identificado - arancel NMF") -> Sin FTA/PTA identificado - arancel NMF
A85: 2010 | B85: Uruguay | C85: =IFERROR(VLOOKUP($B85,Ref_Continente!$A:$B,2,FALSE()),"Sin clasificar") -> South America | D85: 20356 | E85: 7142 | F85: 4650 | G85: 4.1950361e+10 | H85: =IFERROR(IF(AND(VLOOKUP($B85,Ref_Acuerdos!$A:$E,2,FALSE())="FTA",$A85>=VLOOKUP($B85,Ref_Acuerdos!$A:$E,3,FALSE())),1,0),0) -> 0 | I85: =IFERROR(IF(AND(VLOOKUP($B85,Ref_Acuerdos!$A:$E,2,FALSE())="PTA",$A85>=VLOOKUP($B85,Ref_Acuerdos!$A:$E,3,FALSE())),1,0),0) -> 1 | J85: =IFERROR(IF($A85>=VLOOKUP($B85,Ref_Acuerdos!$A:$E,3,FALSE()),VLOOKUP($B85,Ref_Acuerdos!$A:$E,4,FALSE()),""),"") -> 5 | K85: =IFERROR(IF($A85>=VLOOKUP($B85,Ref_Acuerdos!$A:$E,3,FALSE()),VLOOKUP($B85,Ref_Acuerdos!$A:$E,5,FALSE()),"Sin FTA/PTA vigente ese año - arancel NMF"),"Sin FTA/PTA identificado - arancel NMF") -> Ecuador-Mercosur ACE 59 - preferencias parciales (tarifa referencial)
A86: 2010 | B86: Qatar | C86: =IFERROR(VLOOKUP($B86,Ref_Continente!$A:$B,2,FALSE()),"Sin clasificar") -> Asia | D86: 17317 | E86: 4064 | F86: 14000 | G86: 1.236272e+11 | H86: =IFERROR(IF(AND(VLOOKUP($B86,Ref_Acuerdos!$A:$E,2,FALSE())="FTA",$A86>=VLOOKUP($B86,Ref_Acuerdos!$A:$E,3,FALSE())),1,0),0) -> 0 | I86: =IFERROR(IF(AND(VLOOKUP($B86,Ref_Acuerdos!$A:$E,2,FALSE())="PTA",$A86>=VLOOKUP($B86,Ref_Acuerdos!$A:$E,3,FALSE())),1,0),0) -> 0 | J86: =IFERROR(IF($A86>=VLOOKUP($B86,Ref_Acuerdos!$A:$E,3,FALSE()),VLOOKUP($B86,Ref_Acuerdos!$A:$E,4,FALSE()),""),"") | K86: =IFERROR(IF($A86>=VLOOKUP($B86,Ref_Acuerdos!$A:$E,3,FALSE()),VLOOKUP($B86,Ref_Acuerdos!$A:$E,5,FALSE()),"Sin FTA/PTA vigente ese año - arancel NMF"),"Sin FTA/PTA identificado - arancel NMF") -> Sin FTA/PTA identificado - arancel NMF
A87: 2010 | B87: Nicaragua | C87: =IFERROR(VLOOKUP($B87,Ref_Continente!$A:$B,2,FALSE()),"Sin clasificar") -> North America | D87: 16994 | E87: 2432 | F87: 1730 | G87: 8.7586022e+09 | H87: =IFERROR(IF(AND(VLOOKUP($B87,Ref_Acuerdos!$A:$E,2,FALSE())="FTA",$A87>=VLOOKUP($B87,Ref_Acuerdos!$A:$E,3,FALSE())),1,0),0) -> 0 | I87: =IFERROR(IF(AND(VLOOKUP($B87,Ref_Acuerdos!$A:$E,2,FALSE())="PTA",$A87>=VLOOKUP($B87,Ref_Acuerdos!$A:$E,3,FALSE())),1,0),0) -> 1 | J87: =IFERROR(IF($A87>=VLOOKUP($B87,Ref_Acuerdos!$A:$E,3,FALSE()),VLOOKUP($B87,Ref_Acuerdos!$A:$E,4,FALSE()),""),"") -> 10 | K87: =IFERROR(IF($A87>=VLOOKUP($B87,Ref_Acuerdos!$A:$E,3,FALSE()),VLOOKUP($B87,Ref_Acuerdos!$A:$E,5,FALSE()),"Sin FTA/PTA vigente ese año - arancel NMF"),"Sin FTA/PTA identificado - arancel NMF") -> ALADI - Acuerdo de Alcance Parcial (preferencia limitada, tarifa referencial)
A88: 2010 | B88: United Kingdom | C88: =IFERROR(VLOOKUP($B88,Ref_Continente!$A:$B,2,FALSE()),"Sin clasificar") -> Europe | D88: 12926 | E88: 212 | F88: 9200 | G88: 2.4967407e+12 | H88: =IFERROR(IF(AND(VLOOKUP($B88,Ref_Acuerdos!$A:$E,2,FALSE())="FTA",$A88>=VLOOKUP($B88,Ref_Acuerdos!$A:$E,3,FALSE())),1,0),0) -> 0 | I88: =IFERROR(IF(AND(VLOOKUP($B88,Ref_Acuerdos!$A:$E,2,FALSE())="PTA",$A88>=VLOOKUP($B88,Ref_Acuerdos!$A:$E,3,FALSE())),1,0),0) -> 0 | J88: =IFERROR(IF($A88>=VLOOKUP($B88,Ref_Acuerdos!$A:$E,3,FALSE()),VLOOKUP($B88,Ref_Acuerdos!$A:$E,4,FALSE()),""),"") | K88: =IFERROR(IF($A88>=VLOOKUP($B88,Ref_Acuerdos!$A:$E,3,FALSE()),VLOOKUP($B88,Ref_Acuerdos!$A:$E,5,FALSE()),"Sin FTA/PTA vigente ese año - arancel NMF"),"Sin FTA/PTA identificado - arancel NMF") -> Sin FTA/PTA vigente ese año - arancel NMF
A89: 2010 | B89: Belarus | C89: =IFERROR(VLOOKUP($B89,Ref_Continente!$A:$B,2,FALSE()),"Sin clasificar") -> Europe | D89: 12492 | E89: 3477 | F89: 10600 | G89: 5.7231905e+10 | H89: =IFERROR(IF(AND(VLOOKUP($B89,Ref_Acuerdos!$A:$E,2,FALSE())="FTA",$A89>=VLOOKUP($B89,Ref_Acuerdos!$A:$E,3,FALSE())),1,0),0) -> 0 | I89: =IFERROR(IF(AND(VLOOKUP($B89,Ref_Acuerdos!$A:$E,2,FALSE())="PTA",$A89>=VLOOKUP($B89,Ref_Acuerdos!$A:$E,3,FALSE())),1,0),0) -> 0 | J89: =IFERROR(IF($A89>=VLOOKUP($B89,Ref_Acuerdos!$A:$E,3,FALSE()),VLOOKUP($B89,Ref_Acuerdos!$A:$E,4,FALSE()),""),"") | K89: =IFERROR(IF($A89>=VLOOKUP($B89,Ref_Acuerdos!$A:$E,3,FALSE()),VLOOKUP($B89,Ref_Acuerdos!$A:$E,5,FALSE()),"Sin FTA/PTA vigente ese año - arancel NMF"),"Sin FTA/PTA identificado - arancel NMF") -> Sin FTA/PTA identificado - arancel NMF
A90: 2010 | B90: Dominican Rep. | C90: =IFERROR(VLOOKUP($B90,Ref_Continente!$A:$B,2,FALSE()),"Sin clasificar") -> North America | D90: 12204 | E90: 2377 | F90: 2200 | G90: 5.3801053e+10 | H90: =IFERROR(IF(AND(VLOOKUP($B90,Ref_Acuerdos!$A:$E,2,FALSE())="FTA",$A90>=VLOOKUP($B90,Ref_Acuerdos!$A:$E,3,FALSE())),1,0),0) -> 0 | I90: =IFERROR(IF(AND(VLOOKUP($B90,Ref_Acuerdos!$A:$E,2,FALSE())="PTA",$A90>=VLOOKUP($B90,Ref_Acuerdos!$A:$E,3,FALSE())),1,0),0) -> 0 | J90: =IFERROR(IF($A90>=VLOOKUP($B90,Ref_Acuerdos!$A:$E,3,FALSE()),VLOOKUP($B90,Ref_Acuerdos!$A:$E,4,FALSE()),""),"") | K90: =IFERROR(IF($A90>=VLOOKUP($B90,Ref_Acuerdos!$A:$E,3,FALSE()),VLOOKUP($B90,Ref_Acuerdos!$A:$E,5,FALSE()),"Sin FTA/PTA vigente ese año - arancel NMF"),"Sin FTA/PTA identificado - arancel NMF") -> Sin FTA/PTA identificado - arancel NMF
A91: 2010 | B91: Georgia | C91: =IFERROR(VLOOKUP($B91,Ref_Continente!$A:$B,2,FALSE()),"Sin clasificar") -> Asia | D91: 11614 | E91: 1826 | F91: 11600 | G91: 1.2426908e+10 | H91: =IFERROR(IF(AND(VLOOKUP($B91,Ref_Acuerdos!$A:$E,2,FALSE())="FTA",$A91>=VLOOKUP($B91,Ref_Acuerdos!$A:$E,3,FALSE())),1,0),0) -> 0 | I91: =IFERROR(IF(AND(VLOOKUP($B91,Ref_Acuerdos!$A:$E,2,FALSE())="PTA",$A91>=VLOOKUP($B91,Ref_Acuerdos!$A:$E,3,FALSE())),1,0),0) -> 0 | J91: =IFERROR(IF($A91>=VLOOKUP($B91,Ref_Acuerdos!$A:$E,3,FALSE()),VLOOKUP($B91,Ref_Acuerdos!$A:$E,4,FALSE()),""),"") | K91: =IFERROR(IF($A91>=VLOOKUP($B91,Ref_Acuerdos!$A:$E,3,FALSE()),VLOOKUP($B91,Ref_Acuerdos!$A:$E,5,FALSE()),"Sin FTA/PTA vigente ese año - arancel NMF"),"Sin FTA/PTA identificado - arancel NMF") -> Sin FTA/PTA identificado - arancel NMF
A92: 2010 | B92: Argentina | C92: =IFERROR(VLOOKUP($B92,Ref_Continente!$A:$B,2,FALSE()),"Sin clasificar") -> South America | D92: 10351 | E92: 3214 | F92: 4320 | G92: 4.2362742e+11 | H92: =IFERROR(IF(AND(VLOOKUP($B92,Ref_Acuerdos!$A:$E,2,FALSE())="FTA",$A92>=VLOOKUP($B92,Ref_Acuerdos!$A:$E,3,FALSE())),1,0),0) -> 0 | I92: =IFERROR(IF(AND(VLOOKUP($B92,Ref_Acuerdos!$A:$E,2,FALSE())="PTA",$A92>=VLOOKUP($B92,Ref_Acuerdos!$A:$E,3,FALSE())),1,0),0) -> 1 | J92: =IFERROR(IF($A92>=VLOOKUP($B92,Ref_Acuerdos!$A:$E,3,FALSE()),VLOOKUP($B92,Ref_Acuerdos!$A:$E,4,FALSE()),""),"") -> 5 | K92: =IFERROR(IF($A92>=VLOOKUP($B92,Ref_Acuerdos!$A:$E,3,FALSE()),VLOOKUP($B92,Ref_Acuerdos!$A:$E,5,FALSE()),"Sin FTA/PTA vigente ese año - arancel NMF"),"Sin FTA/PTA identificado - arancel NMF") -> Ecuador-Mercosur ACE 59 - preferencias parciales (tarifa referencial)
A93: 2010 | B93: Sweden | C93: =IFERROR(VLOOKUP($B93,Ref_Continente!$A:$B,2,FALSE()),"Sin clasificar") -> Europe | D93: 10030 | E93: 2042 | F93: 10000 | G93: 4.927509e+11 | H93: =IFERROR(IF(AND(VLOOKUP($B93,Ref_Acuerdos!$A:$E,2,FALSE())="FTA",$A93>=VLOOKUP($B93,Ref_Acuerdos!$A:$E,3,FALSE())),1,0),0) -> 0 | I93: =IFERROR(IF(AND(VLOOKUP($B93,Ref_Acuerdos!$A:$E,2,FALSE())="PTA",$A93>=VLOOKUP($B93,Ref_Acuerdos!$A:$E,3,FALSE())),1,0),0) -> 0 | J93: =IFERROR(IF($A93>=VLOOKUP($B93,Ref_Acuerdos!$A:$E,3,FALSE()),VLOOKUP($B93,Ref_Acuerdos!$A:$E,4,FALSE()),""),"") | K93: =IFERROR(IF($A93>=VLOOKUP($B93,Ref_Acuerdos!$A:$E,3,FALSE()),VLOOKUP($B93,Ref_Acuerdos!$A:$E,5,FALSE()),"Sin FTA/PTA vigente ese año - arancel NMF"),"Sin FTA/PTA identificado - arancel NMF") -> Sin FTA/PTA vigente ese año - arancel NMF
A94: 2010 | B94: United Arab Emirates | C94: =IFERROR(VLOOKUP($B94,Ref_Continente!$A:$B,2,FALSE()),"Sin clasificar") -> Asia | D94: 9270 | E94: 1683 | F94: 14200 | G94: 3.0773642e+11 | H94: =IFERROR(IF(AND(VLOOKUP($B94,Ref_Acuerdos!$A:$E,2,FALSE())="FTA",$A94>=VLOOKUP($B94,Ref_Acuerdos!$A:$E,3,FALSE())),1,0),0) -> 0 | I94: =IFERROR(IF(AND(VLOOKUP($B94,Ref_Acuerdos!$A:$E,2,FALSE())="PTA",$A94>=VLOOKUP($B94,Ref_Acuerdos!$A:$E,3,FALSE())),1,0),0) -> 0 | J94: =IFERROR(IF($A94>=VLOOKUP($B94,Ref_Acuerdos!$A:$E,3,FALSE()),VLOOKUP($B94,Ref_Acuerdos!$A:$E,4,FALSE()),""),"") | K94: =IFERROR(IF($A94>=VLOOKUP($B94,Ref_Acuerdos!$A:$E,3,FALSE()),VLOOKUP($B94,Ref_Acuerdos!$A:$E,5,FALSE()),"Sin FTA/PTA vigente ese año - arancel NMF"),"Sin FTA/PTA identificado - arancel NMF") -> Sin FTA/PTA identificado - arancel NMF
A95: 2010 | B95: Philippines | C95: =IFERROR(VLOOKUP($B95,Ref_Continente!$A:$B,2,FALSE()),"Sin clasificar") -> Asia | D95: 7742 | E95: 1641 | F95: 17800 | G95: 2.0836889e+11 | H95: =IFERROR(IF(AND(VLOOKUP($B95,Ref_Acuerdos!$A:$E,2,FALSE())="FTA",$A95>=VLOOKUP($B95,Ref_Acuerdos!$A:$E,3,FALSE())),1,0),0) -> 0 | I95: =IFERROR(IF(AND(VLOOKUP($B95,Ref_Acuerdos!$A:$E,2,FALSE())="PTA",$A95>=VLOOKUP($B95,Ref_Acuerdos!$A:$E,3,FALSE())),1,0),0) -> 0 | J95: =IFERROR(IF($A95>=VLOOKUP($B95,Ref_Acuerdos!$A:$E,3,FALSE()),VLOOKUP($B95,Ref_Acuerdos!$A:$E,4,FALSE()),""),"") | K95: =IFERROR(IF($A95>=VLOOKUP($B95,Ref_Acuerdos!$A:$E,3,FALSE()),VLOOKUP($B95,Ref_Acuerdos!$A:$E,5,FALSE()),"Sin FTA/PTA vigente ese año - arancel NMF"),"Sin FTA/PTA identificado - arancel NMF") -> Sin FTA/PTA identificado - arancel NMF
A96: 2010 | B96: Kuwait | C96: =IFERROR(VLOOKUP($B96,Ref_Continente!$A:$B,2,FALSE()),"Sin clasificar") -> Asia | D96: 5495 | E96: 1142 | F96: 13500 | G96: 1.1541625e+11 | H96: =IFERROR(IF(AND(VLOOKUP($B96,Ref_Acuerdos!$A:$E,2,FALSE())="FTA",$A96>=VLOOKUP($B96,Ref_Acuerdos!$A:$E,3,FALSE())),1,0),0) -> 0 | I96: =IFERROR(IF(AND(VLOOKUP($B96,Ref_Acuerdos!$A:$E,2,FALSE())="PTA",$A96>=VLOOKUP($B96,Ref_Acuerdos!$A:$E,3,FALSE())),1,0),0) -> 0 | J96: =IFERROR(IF($A96>=VLOOKUP($B96,Ref_Acuerdos!$A:$E,3,FALSE()),VLOOKUP($B96,Ref_Acuerdos!$A:$E,4,FALSE()),""),"") | K96: =IFERROR(IF($A96>=VLOOKUP($B96,Ref_Acuerdos!$A:$E,3,FALSE()),VLOOKUP($B96,Ref_Acuerdos!$A:$E,5,FALSE()),"Sin FTA/PTA vigente ese año - arancel NMF"),"Sin FTA/PTA identificado - arancel NMF") -> Sin FTA/PTA identificado - arancel NMF
... A123: 2011 | B123: Ukraine | C123: =IFERROR(VLOOKUP($B123,Ref_Continente!$A:$B,2,FALSE()),"Sin clasificar") -> Europe | D123: 482359 | E123: 99499 | F123: 11 | G123: 1.6933384e+11 | H123: =IFERROR(IF(AND(VLOOKUP($B123,Ref_Acuerdos!$A:$E,2,FALSE())="FTA",$A123>=VLOOKUP($B123,Ref_Acuerdos!$A:$E,3,FALSE())),1,0),0) -> 0 | I123: =IFERROR(IF(AND(VLOOKUP($B123,Ref_Acuerdos!$A:$E,2,FALSE())="PTA",$A123>=VLOOKUP($B123,Ref_Acuerdos!$A:$E,3,FALSE())),1,0),0) -> 0 | J123: =IFERROR(IF($A123>=VLOOKUP($B123,Ref_Acuerdos!$A:$E,3,FALSE()),VLOOKUP($B123,Ref_Acuerdos!$A:$E,4,FALSE()),""),"") | K123: =IFERROR(IF($A123>=VLOOKUP($B123,Ref_Acuerdos!$A:$E,3,FALSE()),VLOOKUP($B123,Ref_Acuerdos!$A:$E,5,FALSE()),"Sin FTA/PTA vigente ese año - arancel NMF"),"Sin FTA/PTA identificado - arancel NMF") -> Sin FTA/PTA identificado - arancel NMF
A124: 2011 | B124: Areas, nes | C124: =IFERROR(VLOOKUP($B124,Ref_Continente!$A:$B,2,FALSE()),"Sin clasificar") -> Sin clasificar | D124: 459377 | E124: 56196 | F124: 0 | H124: =IFERROR(IF(AND(VLOOKUP($B124,Ref_Acuerdos!$A:$E,2,FALSE())="FTA",$A124>=VLOOKUP($B124,Ref_Acuerdos!$A:$E,3,FALSE())),1,0),0) -> 0 | I124: =IFERROR(IF(AND(VLOOKUP($B124,Ref_Acuerdos!$A:$E,2,FALSE())="PTA",$A124>=VLOOKUP($B124,Ref_Acuerdos!$A:$E,3,FALSE())),1,0),0) -> 0 | J124: =IFERROR(IF($A124>=VLOOKUP($B124,Ref_Acuerdos!$A:$E,3,FALSE()),VLOOKUP($B124,Ref_Acuerdos!$A:$E,4,FALSE()),""),"") | K124: =IFERROR(IF($A124>=VLOOKUP($B124,Ref_Acuerdos!$A:$E,3,FALSE()),VLOOKUP($B124,Ref_Acuerdos!$A:$E,5,FALSE()),"Sin FTA/PTA vigente ese año - arancel NMF"),"Sin FTA/PTA identificado - arancel NMF") -> Sin FTA/PTA identificado - arancel NMF
A125: 2011 | B125: Chile | C125: =IFERROR(VLOOKUP($B125,Ref_Continente!$A:$B,2,FALSE()),"Sin clasificar") -> South America | D125: 303190 | E125: 78646 | F125: 2600 | G125: 2.5138257e+11 | H125: =IFERROR(IF(AND(VLOOKUP($B125,Ref_Acuerdos!$A:$E,2,FALSE())="FTA",$A125>=VLOOKUP($B125,Ref_Acuerdos!$A:$E,3,FALSE())),1,0),0) -> 1 | I125: =IFERROR(IF(AND(VLOOKUP($B125,Ref_Acuerdos!$A:$E,2,FALSE())="PTA",$A125>=VLOOKUP($B125,Ref_Acuerdos!$A:$E,3,FALSE())),1,0),0) -> 0 | J125: =IFERROR(IF($A125>=VLOOKUP($B125,Ref_Acuerdos!$A:$E,3,FALSE()),VLOOKUP($B125,Ref_Acuerdos!$A:$E,4,FALSE()),""),"") -> 0 | K125: =IFERROR(IF($A125>=VLOOKUP($B125,Ref_Acuerdos!$A:$E,3,FALSE()),VLOOKUP($B125,Ref_Acuerdos!$A:$E,5,FALSE()),"Sin FTA/PTA vigente ese año - arancel NMF"),"Sin FTA/PTA identificado - arancel NMF") -> Ecuador-Chile ACE 65, vigente desde 2010
A126: 2011 | B126: Colombia | C126: =IFERROR(VLOOKUP($B126,Ref_Continente!$A:$B,2,FALSE()),"Sin clasificar") -> South America | D126: 295417 | E126: 60834 | F126: 720 | G126: 3.3496613e+11 | H126: =IFERROR(IF(AND(VLOOKUP($B126,Ref_Acuerdos!$A:$E,2,FALSE())="FTA",$A126>=VLOOKUP($B126,Ref_Acuerdos!$A:$E,3,FALSE())),1,0),0) -> 0 | I126: =IFERROR(IF(AND(VLOOKUP($B126,Ref_Acuerdos!$A:$E,2,FALSE())="PTA",$A126>=VLOOKUP($B126,Ref_Acuerdos!$A:$E,3,FALSE())),1,0),0) -> 1 | J126: =IFERROR(IF($A126>=VLOOKUP($B126,Ref_Acuerdos!$A:$E,3,FALSE()),VLOOKUP($B126,Ref_Acuerdos!$A:$E,4,FALSE()),""),"") -> 0 | K126: =IFERROR(IF($A126>=VLOOKUP($B126,Ref_Acuerdos!$A:$E,3,FALSE()),VLOOKUP($B126,Ref_Acuerdos!$A:$E,5,FALSE()),"Sin FTA/PTA vigente ese año - arancel NMF"),"Sin FTA/PTA identificado - arancel NMF") -> Comunidad Andina (CAN) - libre comercio intracomunitario
A127: 2011 | B127: Italy | C127: =IFERROR(VLOOKUP($B127,Ref_Continente!$A:$B,2,FALSE()),"Sin clasificar") -> Europe | D127: 284884 | E127: 65485 | F127: 10100 | G127: 2.306974e+12 | H127: =IFERROR(IF(AND(VLOOKUP($B127,Ref_Acuerdos!$A:$E,2,FALSE())="FTA",$A127>=VLOOKUP($B127,Ref_Acuerdos!$A:$E,3,FALSE())),1,0),0) -> 0 | I127: =IFERROR(IF(AND(VLOOKUP($B127,Ref_Acuerdos!$A:$E,2,FALSE())="PTA",$A127>=VLOOKUP($B127,Ref_Acuerdos!$A:$E,3,FALSE())),1,0),0) -> 0 | J127: =IFERROR(IF($A127>=VLOOKUP($B127,Ref_Acuerdos!$A:$E,3,FALSE()),VLOOKUP($B127,Ref_Acuerdos!$A:$E,4,FALSE()),""),"") | K127: =IFERROR(IF($A127>=VLOOKUP($B127,Ref_Acuerdos!$A:$E,3,FALSE()),VLOOKUP($B127,Ref_Acuerdos!$A:$E,5,FALSE()),"Sin FTA/PTA vigente ese año - arancel NMF"),"Sin FTA/PTA identificado - arancel NMF") -> Sin FTA/PTA vigente ese año - arancel NMF
A128: 2011 | B128: Panama | C128: =IFERROR(VLOOKUP($B128,Ref_Continente!$A:$B,2,FALSE()),"Sin clasificar") -> North America | D128: 126651 | E128: 33726 | F128: 1020 | G128: 3.5687738e+10 | H128: =IFERROR(IF(AND(VLOOKUP($B128,Ref_Acuerdos!$A:$E,2,FALSE())="FTA",$A128>=VLOOKUP($B128,Ref_Acuerdos!$A:$E,3,FALSE())),1,0),0) -> 0 | I128: =IFERROR(IF(AND(VLOOKUP($B128,Ref_Acuerdos!$A:$E,2,FALSE())="PTA",$A128>=VLOOKUP($B128,Ref_Acuerdos!$A:$E,3,FALSE())),1,0),0) -> 1 | J128: =IFERROR(IF($A128>=VLOOKUP($B128,Ref_Acuerdos!$A:$E,3,FALSE()),VLOOKUP($B128,Ref_Acuerdos!$A:$E,4,FALSE()),""),"") -> 10 | K128: =IFERROR(IF($A128>=VLOOKUP($B128,Ref_Acuerdos!$A:$E,3,FALSE()),VLOOKUP($B128,Ref_Acuerdos!$A:$E,5,FALSE()),"Sin FTA/PTA vigente ese año - arancel NMF"),"Sin FTA/PTA identificado - arancel NMF") -> ALADI - Acuerdo de Alcance Parcial (preferencia limitada, tarifa referencial)
A129: 2011 | B129: Canada | C129: =IFERROR(VLOOKUP($B129,Ref_Continente!$A:$B,2,FALSE()),"Sin clasificar") -> North America | D129: 105693 | E129: 20367 | F129: 5900 | G129: 1.7933266e+12 | H129: =IFERROR(IF(AND(VLOOKUP($B129,Ref_Acuerdos!$A:$E,2,FALSE())="FTA",$A129>=VLOOKUP($B129,Ref_Acuerdos!$A:$E,3,FALSE())),1,0),0) -> 0 | I129: =IFERROR(IF(AND(VLOOKUP($B129,Ref_Acuerdos!$A:$E,2,FALSE())="PTA",$A129>=VLOOKUP($B129,Ref_Acuerdos!$A:$E,3,FALSE())),1,0),0) -> 0 | J129: =IFERROR(IF($A129>=VLOOKUP($B129,Ref_Acuerdos!$A:$E,3,FALSE()),VLOOKUP($B129,Ref_Acuerdos!$A:$E,4,FALSE()),""),"") | K129: =IFERROR(IF($A129>=VLOOKUP($B129,Ref_Acuerdos!$A:$E,3,FALSE()),VLOOKUP($B129,Ref_Acuerdos!$A:$E,5,FALSE()),"Sin FTA/PTA vigente ese año - arancel NMF"),"Sin FTA/PTA identificado - arancel NMF") -> Sin FTA/PTA identificado - arancel NMF
A130: 2011 | B130: Argentina | C130: =IFERROR(VLOOKUP($B130,Ref_Continente!$A:$B,2,FALSE()),"Sin clasificar") -> South America | D130: 98283 | E130: 25366 | F130: 4320 | G130: 5.3015812e+11 | H130: =IFERROR(IF(AND(VLOOKUP($B130,Ref_Acuerdos!$A:$E,2,FALSE())="FTA",$A130>=VLOOKUP($B130,Ref_Acuerdos!$A:$E,3,FALSE())),1,0),0) -> 0 | I130: =IFERROR(IF(AND(VLOOKUP($B130,Ref_Acuerdos!$A:$E,2,FALSE())="PTA",$A130>=VLOOKUP($B130,Ref_Acuerdos!$A:$E,3,FALSE())),1,0),0) -> 1 | J130: =IFERROR(IF($A130>=VLOOKUP($B130,Ref_Acuerdos!$A:$E,3,FALSE()),VLOOKUP($B130,Ref_Acuerdos!$A:$E,4,FALSE()),""),"") -> 5 | K130: =IFERROR(IF($A130>=VLOOKUP($B130,Ref_Acuerdos!$A:$E,3,FALSE()),VLOOKUP($B130,Ref_Acuerdos!$A:$E,5,FALSE()),"Sin FTA/PTA vigente ese año - arancel NMF"),"Sin FTA/PTA identificado - arancel NMF") -> Ecuador-Mercosur ACE 59 - preferencias parciales (tarifa referencial)
A131: 2011 | B131: Germany | C131: =IFERROR(VLOOKUP($B131,Ref_Continente!$A:$B,2,FALSE()),"Sin clasificar") -> Europe | D131: 89213 | E131: 16044 | F131: 9650 | G131: 3.8235758e+12 | H131: =IFERROR(IF(AND(VLOOKUP($B131,Ref_Acuerdos!$A:$E,2,FALSE())="FTA",$A131>=VLOOKUP($B131,Ref_Acuerdos!$A:$E,3,FALSE())),1,0),0) -> 0 | I131: =IFERROR(IF(AND(VLOOKUP($B131,Ref_Acuerdos!$A:$E,2,FALSE())="PTA",$A131>=VLOOKUP($B131,Ref_Acuerdos!$A:$E,3,FALSE())),1,0),0) -> 0 | J131: =IFERROR(IF($A131>=VLOOKUP($B131,Ref_Acuerdos!$A:$E,3,FALSE()),VLOOKUP($B131,Ref_Acuerdos!$A:$E,4,FALSE()),""),"") | K131: =IFERROR(IF($A131>=VLOOKUP($B131,Ref_Acuerdos!$A:$E,3,FALSE()),VLOOKUP($B131,Ref_Acuerdos!$A:$E,5,FALSE()),"Sin FTA/PTA vigente ese año - arancel NMF"),"Sin FTA/PTA identificado - arancel NMF") -> Sin FTA/PTA vigente ese año - arancel NMF
A132: 2011 | B132: Cuba | C132: =IFERROR(VLOOKUP($B132,Ref_Continente!$A:$B,2,FALSE()),"Sin clasificar") -> North America | D132: 31045 | E132: 5725 | F132: 2450 | G132: 68990000000 | H132: =IFERROR(IF(AND(VLOOKUP($B132,Ref_Acuerdos!$A:$E,2,FALSE())="FTA",$A132>=VLOOKUP($B132,Ref_Acuerdos!$A:$E,3,FALSE())),1,0),0) -> 0 | I132: =IFERROR(IF(AND(VLOOKUP($B132,Ref_Acuerdos!$A:$E,2,FALSE())="PTA",$A132>=VLOOKUP($B132,Ref_Acuerdos!$A:$E,3,FALSE())),1,0),0) -> 1 | J132: =IFERROR(IF($A132>=VLOOKUP($B132,Ref_Acuerdos!$A:$E,3,FALSE()),VLOOKUP($B132,Ref_Acuerdos!$A:$E,4,FALSE()),""),"") -> 10 | K132: =IFERROR(IF($A132>=VLOOKUP($B132,Ref_Acuerdos!$A:$E,3,FALSE()),VLOOKUP($B132,Ref_Acuerdos!$A:$E,5,FALSE()),"Sin FTA/PTA vigente ese año - arancel NMF"),"Sin FTA/PTA identificado - arancel NMF") -> ALADI - Acuerdo de Alcance Parcial (preferencia limitada, tarifa referencial)
A133: 2011 | B133: Uruguay | C133: =IFERROR(VLOOKUP($B133,Ref_Continente!$A:$B,2,FALSE()),"Sin clasificar") -> South America | D133: 29834 | E133: 9386 | F133: 4650 | G133: 5.0342406e+10 | H133: =IFERROR(IF(AND(VLOOKUP($B133,Ref_Acuerdos!$A:$E,2,FALSE())="FTA",$A133>=VLOOKUP($B133,Ref_Acuerdos!$A:$E,3,FALSE())),1,0),0) -> 0 | I133: =IFERROR(IF(AND(VLOOKUP($B133,Ref_Acuerdos!$A:$E,2,FALSE())="PTA",$A133>=VLOOKUP($B133,Ref_Acuerdos!$A:$E,3,FALSE())),1,0),0) -> 1 | J133: =IFERROR(IF($A133>=VLOOKUP($B133,Ref_Acuerdos!$A:$E,3,FALSE()),VLOOKUP($B133,Ref_Acuerdos!$A:$E,4,FALSE()),""),"") -> 5 | K133: =IFERROR(IF($A133>=VLOOKUP($B133,Ref_Acuerdos!$A:$E,3,FALSE()),VLOOKUP($B133,Ref_Acuerdos!$A:$E,5,FALSE()),"Sin FTA/PTA vigente ese año - arancel NMF"),"Sin FTA/PTA identificado - arancel NMF") -> Ecuador-Mercosur ACE 59 - preferencias parciales (tarifa referencial)
A134: 2011 | B134: Qatar | C134: =IFERROR(VLOOKUP($B134,Ref_Continente!$A:$B,2,FALSE()),"Sin clasificar") -> Asia | D134: 21956 | E134: 5122 | F134: 14000 | G134: 1.6777527e+11 | H134: =IFERROR(IF(AND(VLOOKUP($B134,Ref_Acuerdos!$A:$E,2,FALSE())="FTA",$A134>=VLOOKUP($B134,Ref_Acuerdos!$A:$E,3,FALSE())),1,0),0) -> 0 | I134: =IFERROR(IF(AND(VLOOKUP($B134,Ref_Acuerdos!$A:$E,2,FALSE())="PTA",$A134>=VLOOKUP($B134,Ref_Acuerdos!$A:$E,3,FALSE())),1,0),0) -> 0 | J134: =IFERROR(IF($A134>=VLOOKUP($B134,Ref_Acuerdos!$A:$E,3,FALSE()),VLOOKUP($B134,Ref_Acuerdos!$A:$E,4,FALSE()),""),"") | K134: =IFERROR(IF($A134>=VLOOKUP($B134,Ref_Acuerdos!$A:$E,3,FALSE()),VLOOKUP($B134,Ref_Acuerdos!$A:$E,5,FALSE()),"Sin FTA/PTA vigente ese año - arancel NMF"),"Sin FTA/PTA identificado - arancel NMF") -> Sin FTA/PTA identificado - arancel NMF
A135: 2011 | B135: Nicaragua | C135: =IFERROR(VLOOKUP($B135,Ref_Continente!$A:$B,2,FALSE()),"Sin clasificar") -> North America | D135: 15583 | E135: 3967 | F135: 1730 | G135: 9.7743293e+09 | H135: =IFERROR(IF(AND(VLOOKUP($B135,Ref_Acuerdos!$A:$E,2,FALSE())="FTA",$A135>=VLOOKUP($B135,Ref_Acuerdos!$A:$E,3,FALSE())),1,0),0) -> 0 | I135: =IFERROR(IF(AND(VLOOKUP($B135,Ref_Acuerdos!$A:$E,2,FALSE())="PTA",$A135>=VLOOKUP($B135,Ref_Acuerdos!$A:$E,3,FALSE())),1,0),0) -> 1 | J135: =IFERROR(IF($A135>=VLOOKUP($B135,Ref_Acuerdos!$A:$E,3,FALSE()),VLOOKUP($B135,Ref_Acuerdos!$A:$E,4,FALSE()),""),"") -> 10 | K135: =IFERROR(IF($A135>=VLOOKUP($B135,Ref_Acuerdos!$A:$E,3,FALSE()),VLOOKUP($B135,Ref_Acuerdos!$A:$E,5,FALSE()),"Sin FTA/PTA vigente ese año - arancel NMF"),"Sin FTA/PTA identificado - arancel NMF") -> ALADI - Acuerdo de Alcance Parcial (preferencia limitada, tarifa referencial)
A136: 2011 | B136: Belarus | C136: =IFERROR(VLOOKUP($B136,Ref_Continente!$A:$B,2,FALSE()),"Sin clasificar") -> Europe | D136: 15080 | E136: 3138 | F136: 10600 | G136: 6.1762382e+10 | H136: =IFERROR(IF(AND(VLOOKUP($B136,Ref_Acuerdos!$A:$E,2,FALSE())="FTA",$A136>=VLOOKUP($B136,Ref_Acuerdos!$A:$E,3,FALSE())),1,0),0) -> 0 | I136: =IFERROR(IF(AND(VLOOKUP($B136,Ref_Acuerdos!$A:$E,2,FALSE())="PTA",$A136>=VLOOKUP($B136,Ref_Acuerdos!$A:$E,3,FALSE())),1,0),0) -> 0 | J136: =IFERROR(IF($A136>=VLOOKUP($B136,Ref_Acuerdos!$A:$E,3,FALSE()),VLOOKUP($B136,Ref_Acuerdos!$A:$E,4,FALSE()),""),"") | K136: =IFERROR(IF($A136>=VLOOKUP($B136,Ref_Acuerdos!$A:$E,3,FALSE()),VLOOKUP($B136,Ref_Acuerdos!$A:$E,5,FALSE()),"Sin FTA/PTA vigente ese año - arancel NMF"),"Sin FTA/PTA identificado - arancel NMF") -> Sin FTA/PTA identificado - arancel NMF
A137: 2011 | B137: Free Zones | C137: =IFERROR(VLOOKUP($B137,Ref_Continente!$A:$B,2,FALSE()),"Sin clasificar") -> Sin clasificar | D137: 14549 | E137: 168 | F137: 0 | H137: =IFERROR(IF(AND(VLOOKUP($B137,Ref_Acuerdos!$A:$E,2,FALSE())="FTA",$A137>=VLOOKUP($B137,Ref_Acuerdos!$A:$E,3,FALSE())),1,0),0) -> 0 | I137: =IFERROR(IF(AND(VLOOKUP($B137,Ref_Acuerdos!$A:$E,2,FALSE())="PTA",$A137>=VLOOKUP($B137,Ref_Acuerdos!$A:$E,3,FALSE())),1,0),0) -> 0 | J137: =IFERROR(IF($A137>=VLOOKUP($B137,Ref_Acuerdos!$A:$E,3,FALSE()),VLOOKUP($B137,Ref_Acuerdos!$A:$E,4,FALSE()),""),"") | K137: =IFERROR(IF($A137>=VLOOKUP($B137,Ref_Acuerdos!$A:$E,3,FALSE()),VLOOKUP($B137,Ref_Acuerdos!$A:$E,5,FALSE()),"Sin FTA/PTA vigente ese año - arancel NMF"),"Sin FTA/PTA identificado - arancel NMF") -> Sin FTA/PTA identificado - arancel NMF
A138: 2011 | B138: United Arab Emirates | C138: =IFERROR(VLOOKUP($B138,Ref_Continente!$A:$B,2,FALSE()),"Sin clasificar") -> Asia | D138: 13345 | E138: 268 | F138: 14200 | G138: 3.6888114e+11 | H138: =IFERROR(IF(AND(VLOOKUP($B138,Ref_Acuerdos!$A:$E,2,FALSE())="FTA",$A138>=VLOOKUP($B138,Ref_Acuerdos!$A:$E,3,FALSE())),1,0),0) -> 0 | I138: =IFERROR(IF(AND(VLOOKUP($B138,Ref_Acuerdos!$A:$E,2,FALSE())="PTA",$A138>=VLOOKUP($B138,Ref_Acuerdos!$A:$E,3,FALSE())),1,0),0) -> 0 | J138: =IFERROR(IF($A138>=VLOOKUP($B138,Ref_Acuerdos!$A:$E,3,FALSE()),VLOOKUP($B138,Ref_Acuerdos!$A:$E,4,FALSE()),""),"") | K138: =IFERROR(IF($A138>=VLOOKUP($B138,Ref_Acuerdos!$A:$E,3,FALSE()),VLOOKUP($B138,Ref_Acuerdos!$A:$E,5,FALSE()),"Sin FTA/PTA vigente ese año - arancel NMF"),"Sin FTA/PTA identificado - arancel NMF") -> Sin FTA/PTA identificado - arancel NMF
A139: 2011 | B139: Kuwait | C139: =IFERROR(VLOOKUP($B139,Ref_Continente!$A:$B,2,FALSE()),"Sin clasificar") -> Asia | D139: 13123 | E139: 3099 | F139: 13500 | G139: 1.5403923e+11 | H139: =IFERROR(IF(AND(VLOOKUP($B139,Ref_Acuerdos!$A:$E,2,FALSE())="FTA",$A139>=VLOOKUP($B139,Ref_Acuerdos!$A:$E,3,FALSE())),1,0),0) -> 0 | I139: =IFERROR(IF(AND(VLOOKUP($B139,Ref_Acuerdos!$A:$E,2,FALSE())="PTA",$A139>=VLOOKUP($B139,Ref_Acuerdos!$A:$E,3,FALSE())),1,0),0) -> 0 | J139: =IFERROR(IF($A139>=VLOOKUP($B139,Ref_Acuerdos!$A:$E,3,FALSE()),VLOOKUP($B139,Ref_Acuerdos!$A:$E,4,FALSE()),""),"") | K139: =IFERROR(IF($A139>=VLOOKUP($B139,Ref_Acuerdos!$A:$E,3,FALSE()),VLOOKUP($B139,Ref_Acuerdos!$A:$E,5,FALSE()),"Sin FTA/PTA vigente ese año - arancel NMF"),"Sin FTA/PTA identificado - arancel NMF") -> Sin FTA/PTA identificado - arancel NMF
A140: 2011 | B140: Austria | C140: =IFERROR(VLOOKUP($B140,Ref_Continente!$A:$B,2,FALSE()),"Sin clasificar") -> Europe | D140: 12899 | E140: 1752 | F140: 10050 | G140: 4.2895474e+11 | H140: =IFERROR(IF(AND(VLOOKUP($B140,Ref_Acuerdos!$A:$E,2,FALSE())="FTA",$A140>=VLOOKUP($B140,Ref_Acuerdos!$A:$E,3,FALSE())),1,0),0) -> 0 | I140: =IFERROR(IF(AND(VLOOKUP($B140,Ref_Acuerdos!$A:$E,2,FALSE())="PTA",$A140>=VLOOKUP($B140,Ref_Acuerdos!$A:$E,3,FALSE())),1,0),0) -> 0 | J140: =IFERROR(IF($A140>=VLOOKUP($B140,Ref_Acuerdos!$A:$E,3,FALSE()),VLOOKUP($B140,Ref_Acuerdos!$A:$E,4,FALSE()),""),"") | K140: =IFERROR(IF($A140>=VLOOKUP($B140,Ref_Acuerdos!$A:$E,3,FALSE()),VLOOKUP($B140,Ref_Acuerdos!$A:$E,5,FALSE()),"Sin FTA/PTA vigente ese año - arancel NMF"),"Sin FTA/PTA identificado - arancel NMF") -> Sin FTA/PTA vigente ese año - arancel NMF
A141: 2011 | B141: Saudi Arabia | C141: =IFERROR(VLOOKUP($B141,Ref_Continente!$A:$B,2,FALSE()),"Sin clasificar") -> Asia | D141: 12727 | E141: 4775 | F141: 13800 | G141: 680660800000 | H141: =IFERROR(IF(AND(VLOOKUP($B141,Ref_Acuerdos!$A:$E,2,FALSE())="FTA",$A141>=VLOOKUP($B141,Ref_Acuerdos!$A:$E,3,FALSE())),1,0),0) -> 0 | I141: =IFERROR(IF(AND(VLOOKUP($B141,Ref_Acuerdos!$A:$E,2,FALSE())="PTA",$A141>=VLOOKUP($B141,Ref_Acuerdos!$A:$E,3,FALSE())),1,0),0) -> 0 | J141: =IFERROR(IF($A141>=VLOOKUP($B141,Ref_Acuerdos!$A:$E,3,FALSE()),VLOOKUP($B141,Ref_Acuerdos!$A:$E,4,FALSE()),""),"") | K141: =IFERROR(IF($A141>=VLOOKUP($B141,Ref_Acuerdos!$A:$E,3,FALSE()),VLOOKUP($B141,Ref_Acuerdos!$A:$E,5,FALSE()),"Sin FTA/PTA vigente ese año - arancel NMF"),"Sin FTA/PTA identificado - arancel NMF") -> Sin FTA/PTA identificado - arancel NMF
A142: 2011 | B142: Latvia | C142: =IFERROR(VLOOKUP($B142,Ref_Continente!$A:$B,2,FALSE()),"Sin clasificar") -> Europe | D142: 8821 | E142: 1547 | F142: 10400 | G142: 2.6575548e+10 | H142: =IFERROR(IF(AND(VLOOKUP($B142,Ref_Acuerdos!$A:$E,2,FALSE())="FTA",$A142>=VLOOKUP($B142,Ref_Acuerdos!$A:$E,3,FALSE())),1,0),0) -> 0 | I142: =IFERROR(IF(AND(VLOOKUP($B142,Ref_Acuerdos!$A:$E,2,FALSE())="PTA",$A142>=VLOOKUP($B142,Ref_Acuerdos!$A:$E,3,FALSE())),1,0),0) -> 0 | J142: =IFERROR(IF($A142>=VLOOKUP($B142,Ref_Acuerdos!$A:$E,3,FALSE()),VLOOKUP($B142,Ref_Acuerdos!$A:$E,4,FALSE()),""),"") | K142: =IFERROR(IF($A142>=VLOOKUP($B142,Ref_Acuerdos!$A:$E,3,FALSE()),VLOOKUP($B142,Ref_Acuerdos!$A:$E,5,FALSE()),"Sin FTA/PTA vigente ese año - arancel NMF"),"Sin FTA/PTA identificado - arancel NMF") -> Sin FTA/PTA vigente ese año - arancel NMF
A143: 2011 | B143: Philippines | C143: =IFERROR(VLOOKUP($B143,Ref_Continente!$A:$B,2,FALSE()),"Sin clasificar") -> Asia | D143: 6578 | E143: 1119 | F143: 17800 | G143: 2.3421673e+11 | H143: =IFERROR(IF(AND(VLOOKUP($B143,Ref_Acuerdos!$A:$E,2,FALSE())="FTA",$A143>=VLOOKUP($B143,Ref_Acuerdos!$A:$E,3,FALSE())),1,0),0) -> 0 | I143: =IFERROR(IF(AND(VLOOKUP($B143,Ref_Acuerdos!$A:$E,2,FALSE())="PTA",$A143>=VLOOKUP($B143,Ref_Acuerdos!$A:$E,3,FALSE())),1,0),0) -> 0 | J143: =IFERROR(IF($A143>=VLOOKUP($B143,Ref_Acuerdos!$A:$E,3,FALSE()),VLOOKUP($B143,Ref_Acuerdos!$A:$E,4,FALSE()),""),"") | K143: =IFERROR(IF($A143>=VLOOKUP($B143,Ref_Acuerdos!$A:$E,3,FALSE()),VLOOKUP($B143,Ref_Acuerdos!$A:$E,5,FALSE()),"Sin FTA/PTA vigente ese año - arancel NMF"),"Sin FTA/PTA identificado - arancel NMF") -> Sin FTA/PTA identificado - arancel NMF
A144: 2011 | B144: Australia | C144: =IFERROR(VLOOKUP($B144,Ref_Continente!$A:$B,2,FALSE()),"Sin clasificar") -> Oceania | D144: 6518 | E144: 1329 | F144: 14000 | G144: 1.4029399e+12 | H144: =IFERROR(IF(AND(VLOOKUP($B144,Ref_Acuerdos!$A:$E,2,FALSE())="FTA",$A144>=VLOOKUP($B144,Ref_Acuerdos!$A:$E,3,FALSE())),1,0),0) -> 0 | I144: =IFERROR(IF(AND(VLOOKUP($B144,Ref_Acuerdos!$A:$E,2,FALSE())="PTA",$A144>=VLOOKUP($B144,Ref_Acuerdos!$A:$E,3,FALSE())),1,0),0) -> 0 | J144: =IFERROR(IF($A144>=VLOOKUP($B144,Ref_Acuerdos!$A:$E,3,FALSE()),VLOOKUP($B144,Ref_Acuerdos!$A:$E,4,FALSE()),""),"") | K144: =IFERROR(IF($A144>=VLOOKUP($B144,Ref_Acuerdos!$A:$E,3,FALSE()),VLOOKUP($B144,Ref_Acuerdos!$A:$E,5,FALSE()),"Sin FTA/PTA vigente ese año - arancel NMF"),"Sin FTA/PTA identificado - arancel NMF") -> Sin FTA/PTA identificado - arancel NMF
A145: 2011 | B145: France | C145: =IFERROR(VLOOKUP($B145,Ref_Continente!$A:$B,2,FALSE()),"Sin clasificar") -> Europe | D145: 6104 | E145: 107 | F145: 9150 | G145: 2.8704086e+12 | H145: =IFERROR(IF(AND(VLOOKUP($B145,Ref_Acuerdos!$A:$E,2,FALSE())="FTA",$A145>=VLOOKUP($B145,Ref_Acuerdos!$A:$E,3,FALSE())),1,0),0) -> 0 | I145: =IFERROR(IF(AND(VLOOKUP($B145,Ref_Acuerdos!$A:$E,2,FALSE())="PTA",$A145>=VLOOKUP($B145,Ref_Acuerdos!$A:$E,3,FALSE())),1,0),0) -> 0 | J145: =IFERROR(IF($A145>=VLOOKUP($B145,Ref_Acuerdos!$A:$E,3,FALSE()),VLOOKUP($B145,Ref_Acuerdos!$A:$E,4,FALSE()),""),"") | K145: =IFERROR(IF($A145>=VLOOKUP($B145,Ref_Acuerdos!$A:$E,3,FALSE()),VLOOKUP($B145,Ref_Acuerdos!$A:$E,5,FALSE()),"Sin FTA/PTA vigente ese año - arancel NMF"),"Sin FTA/PTA identificado - arancel NMF") -> Sin FTA/PTA vigente ese año - arancel NMF
A146: 2011 | B146: Sweden | C146: =IFERROR(VLOOKUP($B146,Ref_Continente!$A:$B,2,FALSE()),"Sin clasificar") -> Europe | D146: 5503 | E146: 917 | F146: 10000 | G146: 5.7053858e+11 | H146: =IFERROR(IF(AND(VLOOKUP($B146,Ref_Acuerdos!$A:$E,2,FALSE())="FTA",$A146>=VLOOKUP($B146,Ref_Acuerdos!$A:$E,3,FALSE())),1,0),0) -> 0 | I146: =IFERROR(IF(AND(VLOOKUP($B146,Ref_Acuerdos!$A:$E,2,FALSE())="PTA",$A146>=VLOOKUP($B146,Ref_Acuerdos!$A:$E,3,FALSE())),1,0),0) -> 0 | J146: =IFERROR(IF($A146>=VLOOKUP($B146,Ref_Acuerdos!$A:$E,3,FALSE()),VLOOKUP($B146,Ref_Acuerdos!$A:$E,4,FALSE()),""),"") | K146: =IFERROR(IF($A146>=VLOOKUP($B146,Ref_Acuerdos!$A:$E,3,FALSE()),VLOOKUP($B146,Ref_Acuerdos!$A:$E,5,FALSE()),"Sin FTA/PTA vigente ese año - arancel NMF"),"Sin FTA/PTA identificado - arancel NMF") -> Sin FTA/PTA vigente ese año - arancel NMF
A147: 2011 | B147: Rep. of Moldova | C147: =IFERROR(VLOOKUP($B147,Ref_Continente!$A:$B,2,FALSE()),"Sin clasificar") -> Europe | D147: 5469 | E147: 2791 | F147: 11000 | G147: 8.414352e+09 | H147: =IFERROR(IF(AND(VLOOKUP($B147,Ref_Acuerdos!$A:$E,2,FALSE())="FTA",$A147>=VLOOKUP($B147,Ref_Acuerdos!$A:$E,3,FALSE())),1,0),0) -> 0 | I147: =IFERROR(IF(AND(VLOOKUP($B147,Ref_Acuerdos!$A:$E,2,FALSE())="PTA",$A147>=VLOOKUP($B147,Ref_Acuerdos!$A:$E,3,FALSE())),1,0),0) -> 0 | J147: =IFERROR(IF($A147>=VLOOKUP($B147,Ref_Acuerdos!$A:$E,3,FALSE()),VLOOKUP($B147,Ref_Acuerdos!$A:$E,4,FALSE()),""),"") | K147: =IFERROR(IF($A147>=VLOOKUP($B147,Ref_Acuerdos!$A:$E,3,FALSE()),VLOOKUP($B147,Ref_Acuerdos!$A:$E,5,FALSE()),"Sin FTA/PTA vigente ese año - arancel NMF"),"Sin FTA/PTA identificado - arancel NMF") -> Sin FTA/PTA identificado - arancel NMF
A148: 2011 | B148: Peru | C148: =IFERROR(VLOOKUP($B148,Ref_Continente!$A:$B,2,FALSE()),"Sin clasificar") -> South America | D148: 5148 | E148: 2649 | F148: 1320 | G148: 1.7176174e+11 | H148: =IFERROR(IF(AND(VLOOKUP($B148,Ref_Acuerdos!$A:$E,2,FALSE())="FTA",$A148>=VLOOKUP($B148,Ref_Acuerdos!$A:$E,3,FALSE())),1,0),0) -> 0 | I148: =IFERROR(IF(AND(VLOOKUP($B148,Ref_Acuerdos!$A:$E,2,FALSE())="PTA",$A148>=VLOOKUP($B148,Ref_Acuerdos!$A:$E,3,FALSE())),1,0),0) -> 1 | J148: =IFERROR(IF($A148>=VLOOKUP($B148,Ref_Acuerdos!$A:$E,3,FALSE()),VLOOKUP($B148,Ref_Acuerdos!$A:$E,4,FALSE()),""),"") -> 0 | K148: =IFERROR(IF($A148>=VLOOKUP($B148,Ref_Acuerdos!$A:$E,3,FALSE()),VLOOKUP($B148,Ref_Acuerdos!$A:$E,5,FALSE()),"Sin FTA/PTA vigente ese año - arancel NMF"),"Sin FTA/PTA identificado - arancel NMF") -> Comunidad Andina (CAN) - libre comercio intracomunitario
A149: 2011 | B149: Kazakhstan | C149: =IFERROR(VLOOKUP($B149,Ref_Continente!$A:$B,2,FALSE()),"Sin clasificar") -> Asia | D149: 4619 | E149: 970 | F149: 13600 | G149: 1.9262646e+11 | H149: =IFERROR(IF(AND(VLOOKUP($B149,Ref_Acuerdos!$A:$E,2,FALSE())="FTA",$A149>=VLOOKUP($B149,Ref_Acuerdos!$A:$E,3,FALSE())),1,0),0) -> 0 | I149: =IFERROR(IF(AND(VLOOKUP($B149,Ref_Acuerdos!$A:$E,2,FALSE())="PTA",$A149>=VLOOKUP($B149,Ref_Acuerdos!$A:$E,3,FALSE())),1,0),0) -> 0 | J149: =IFERROR(IF($A149>=VLOOKUP($B149,Ref_Acuerdos!$A:$E,3,FALSE()),VLOOKUP($B149,Ref_Acuerdos!$A:$E,4,FALSE()),""),"") | K149: =IFERROR(IF($A149>=VLOOKUP($B149,Ref_Acuerdos!$A:$E,3,FALSE()),VLOOKUP($B149,Ref_Acuerdos!$A:$E,5,FALSE()),"Sin FTA/PTA vigente ese año - arancel NMF"),"Sin FTA/PTA identificado - arancel NMF") -> Sin FTA/PTA identificado - arancel NMF
... A160: 2011 | B160: Lithuania | C160: =IFERROR(VLOOKUP($B160,Ref_Continente!$A:$B,2,FALSE()),"Sin clasificar") -> Europe | D160: 994 | E160: 247 | F160: 10250 | G160: 4.3186502e+10 | H160: =IFERROR(IF(AND(VLOOKUP($B160,Ref_Acuerdos!$A:$E,2,FALSE())="FTA",$A160>=VLOOKUP($B160,Ref_Acuerdos!$A:$E,3,FALSE())),1,0),0) -> 0 | I160: =IFERROR(IF(AND(VLOOKUP($B160,Ref_Acuerdos!$A:$E,2,FALSE())="PTA",$A160>=VLOOKUP($B160,Ref_Acuerdos!$A:$E,3,FALSE())),1,0),0) -> 0 | J160: =IFERROR(IF($A160>=VLOOKUP($B160,Ref_Acuerdos!$A:$E,3,FALSE()),VLOOKUP($B160,Ref_Acuerdos!$A:$E,4,FALSE()),""),"") | K160: =IFERROR(IF($A160>=VLOOKUP($B160,Ref_Acuerdos!$A:$E,3,FALSE()),VLOOKUP($B160,Ref_Acuerdos!$A:$E,5,FALSE()),"Sin FTA/PTA vigente ese año - arancel NMF"),"Sin FTA/PTA identificado - arancel NMF") -> Sin FTA/PTA vigente ese año - arancel NMF
A161: 2011 | B161: Other Asia, nes | C161: =IFERROR(VLOOKUP($B161,Ref_Continente!$A:$B,2,FALSE()),"Sin clasificar") -> Asia | D161: 910 | E161: 140 | F161: 0 | H161: =IFERROR(IF(AND(VLOOKUP($B161,Ref_Acuerdos!$A:$E,2,FALSE())="FTA",$A161>=VLOOKUP($B161,Ref_Acuerdos!$A:$E,3,FALSE())),1,0),0) -> 0 | I161: =IFERROR(IF(AND(VLOOKUP($B161,Ref_Acuerdos!$A:$E,2,FALSE())="PTA",$A161>=VLOOKUP($B161,Ref_Acuerdos!$A:$E,3,FALSE())),1,0),0) -> 0 | J161: =IFERROR(IF($A161>=VLOOKUP($B161,Ref_Acuerdos!$A:$E,3,FALSE()),VLOOKUP($B161,Ref_Acuerdos!$A:$E,4,FALSE()),""),"") | K161: =IFERROR(IF($A161>=VLOOKUP($B161,Ref_Acuerdos!$A:$E,3,FALSE()),VLOOKUP($B161,Ref_Acuerdos!$A:$E,5,FALSE()),"Sin FTA/PTA vigente ese año - arancel NMF"),"Sin FTA/PTA identificado - arancel NMF") -> Sin FTA/PTA identificado - arancel NMF
A162: 2011 | B162: Georgia | C162: =IFERROR(VLOOKUP($B162,Ref_Continente!$A:$B,2,FALSE()),"Sin clasificar") -> Asia | D162: 840 | E162: 73 | F162: 11600 | G162: 1.547529e+10 | H162: =IFERROR(IF(AND(VLOOKUP($B162,Ref_Acuerdos!$A:$E,2,FALSE())="FTA",$A162>=VLOOKUP($B162,Ref_Acuerdos!$A:$E,3,FALSE())),1,0),0) -> 0 | I162: =IFERROR(IF(AND(VLOOKUP($B162,Ref_Acuerdos!$A:$E,2,FALSE())="PTA",$A162>=VLOOKUP($B162,Ref_Acuerdos!$A:$E,3,FALSE())),1,0),0) -> 0 | J162: =IFERROR(IF($A162>=VLOOKUP($B162,Ref_Acuerdos!$A:$E,3,FALSE()),VLOOKUP($B162,Ref_Acuerdos!$A:$E,4,FALSE()),""),"") | K162: =IFERROR(IF($A162>=VLOOKUP($B162,Ref_Acuerdos!$A:$E,3,FALSE()),VLOOKUP($B162,Ref_Acuerdos!$A:$E,5,FALSE()),"Sin FTA/PTA vigente ese año - arancel NMF"),"Sin FTA/PTA identificado - arancel NMF") -> Sin FTA/PTA identificado - arancel NMF
A163: 2011 | B163: Hungary | C163: =IFERROR(VLOOKUP($B163,Ref_Continente!$A:$B,2,FALSE()),"Sin clasificar") -> Europe | D163: 337 | E163: 71 | F163: 10350 | G163: 1.417128e+11 | H163: =IFERROR(IF(AND(VLOOKUP($B163,Ref_Acuerdos!$A:$E,2,FALSE())="FTA",$A163>=VLOOKUP($B163,Ref_Acuerdos!$A:$E,3,FALSE())),1,0),0) -> 0 | I163: =IFERROR(IF(AND(VLOOKUP($B163,Ref_Acuerdos!$A:$E,2,FALSE())="PTA",$A163>=VLOOKUP($B163,Ref_Acuerdos!$A:$E,3,FALSE())),1,0),0) -> 0 | J163: =IFERROR(IF($A163>=VLOOKUP($B163,Ref_Acuerdos!$A:$E,3,FALSE()),VLOOKUP($B163,Ref_Acuerdos!$A:$E,4,FALSE()),""),"") | K163: =IFERROR(IF($A163>=VLOOKUP($B163,Ref_Acuerdos!$A:$E,3,FALSE()),VLOOKUP($B163,Ref_Acuerdos!$A:$E,5,FALSE()),"Sin FTA/PTA vigente ese año - arancel NMF"),"Sin FTA/PTA identificado - arancel NMF") -> Sin FTA/PTA vigente ese año - arancel NMF
...

Sheet Continente_x_Anio
A1: Año | B1: North America | C1: South America | D1: Europe | E1: Asia | F1: Africa | G1: Oceania | H1: Sin clasificar
A2: 2008 | B2: =SUMIFS(Datos!$D:$D,Datos!$A:$A,$A2,Datos!$C:$C,B$1) -> 250714 | C2: =SUMIFS(Datos!$D:$D,Datos!$A:$A,$A2,Datos!$C:$C,C$1) -> 14458 | D2: =SUMIFS(Datos!$D:$D,Datos!$A:$A,$A2,Datos!$C:$C,D$1) -> 286833 | E2: =SUMIFS(Datos!$D:$D,Datos!$A:$A,$A2,Datos!$C:$C,E$1) -> 1532 | F2: =SUMIFS(Datos!$D:$D,Datos!$A:$A,$A2,Datos!$C:$C,F$1) -> 0 | G2: =SUMIFS(Datos!$D:$D,Datos!$A:$A,$A2,Datos!$C:$C,G$1) -> 156 | H2: =SUMIFS(Datos!$D:$D,Datos!$A:$A,$A2,Datos!$C:$C,H$1) -> 2029
A3: 2009 | B3: =SUMIFS(Datos!$D:$D,Datos!$A:$A,$A3,Datos!$C:$C,B$1) -> 2231751 | C3: =SUMIFS(Datos!$D:$D,Datos!$A:$A,$A3,Datos!$C:$C,C$1) -> 225157 | D3: =SUMIFS(Datos!$D:$D,Datos!$A:$A,$A3,Datos!$C:$C,D$1) -> 5323041 | E3: =SUMIFS(Datos!$D:$D,Datos!$A:$A,$A3,Datos!$C:$C,E$1) -> 298973 | F3: =SUMIFS(Datos!$D:$D,Datos!$A:$A,$A3,Datos!$C:$C,F$1) -> 0 | G3: =SUMIFS(Datos!$D:$D,Datos!$A:$A,$A3,Datos!$C:$C,G$1) -> 71046 | H3: =SUMIFS(Datos!$D:$D,Datos!$A:$A,$A3,Datos!$C:$C,H$1) -> 0
A4: 2010 | B4: =SUMIFS(Datos!$D:$D,Datos!$A:$A,$A4,Datos!$C:$C,B$1) -> 4913774 | C4: =SUMIFS(Datos!$D:$D,Datos!$A:$A,$A4,Datos!$C:$C,C$1) -> 354666 | D4: =SUMIFS(Datos!$D:$D,Datos!$A:$A,$A4,Datos!$C:$C,D$1) -> 10865744 | E4: =SUMIFS(Datos!$D:$D,Datos!$A:$A,$A4,Datos!$C:$C,E$1) -> 904487 | F4: =SUMIFS(Datos!$D:$D,Datos!$A:$A,$A4,Datos!$C:$C,F$1) -> 0 | G4: =SUMIFS(Datos!$D:$D,Datos!$A:$A,$A4,Datos!$C:$C,G$1) -> 25781 | H4: =SUMIFS(Datos!$D:$D,Datos!$A:$A,$A4,Datos!$C:$C,H$1) -> 113917
A5: 2011 | B5: =SUMIFS(Datos!$D:$D,Datos!$A:$A,$A5,Datos!$C:$C,B$1) -> 3343338 | C5: =SUMIFS(Datos!$D:$D,Datos!$A:$A,$A5,Datos!$C:$C,C$1) -> 735739 | D5: =SUMIFS(Datos!$D:$D,Datos!$A:$A,$A5,Datos!$C:$C,D$1) -> 8726795 | E5: =SUMIFS(Datos!$D:$D,Datos!$A:$A,$A5,Datos!$C:$C,E$1) -> 1351265 | F5: =SUMIFS(Datos!$D:$D,Datos!$A:$A,$A5,Datos!$C:$C,F$1) -> 0 | G5: =SUMIFS(Datos!$D:$D,Datos!$A:$A,$A5,Datos!$C:$C,G$1) -> 6518 | H5: =SUMIFS(Datos!$D:$D,Datos!$A:$A,$A5,Datos!$C:$C,H$1) -> 473926
A6: 2012 | B6: =SUMIFS(Datos!$D:$D,Datos!$A:$A,$A6,Datos!$C:$C,B$1) -> 4293464 | C6: =SUMIFS(Datos!$D:$D,Datos!$A:$A,$A6,Datos!$C:$C,C$1) -> 865366 | D6: =SUMIFS(Datos!$D:$D,Datos!$A:$A,$A6,Datos!$C:$C,D$1) -> 9254745 | E6: =SUMIFS(Datos!$D:$D,Datos!$A:$A,$A6,Datos!$C:$C,E$1) -> 2271926 | F6: =SUMIFS(Datos!$D:$D,Datos!$A:$A,$A6,Datos!$C:$C,F$1) -> 0 | G6: =SUMIFS(Datos!$D:$D,Datos!$A:$A,$A6,Datos!$C:$C,G$1) -> 22033 | H6: =SUMIFS(Datos!$D:$D,Datos!$A:$A,$A6,Datos!$C:$C,H$1) -> 435071
A7: 2013 | B7: =SUMIFS(Datos!$D:$D,Datos!$A:$A,$A7,Datos!$C:$C,B$1) -> 8351974 | C7: =SUMIFS(Datos!$D:$D,Datos!$A:$A,$A7,Datos!$C:$C,C$1) -> 742768 | D7: =SUMIFS(Datos!$D:$D,Datos!$A:$A,$A7,Datos!$C:$C,D$1) -> 8282815 | E7: =SUMIFS(Datos!$D:$D,Datos!$A:$A,$A7,Datos!$C:$C,E$1) -> 1223648 | F7: =SUMIFS(Datos!$D:$D,Datos!$A:$A,$A7,Datos!$C:$C,F$1) -> 0 | G7: =SUMIFS(Datos!$D:$D,Datos!$A:$A,$A7,Datos!$C:$C,G$1) -> 10838 | H7: =SUMIFS(Datos!$D:$D,Datos!$A:$A,$A7,Datos!$C:$C,H$1) -> 180
A8: 2014 | B8: =SUMIFS(Datos!$D:$D,Datos!$A:$A,$A8,Datos!$C:$C,B$1) -> 3597184 | C8: =SUMIFS(Datos!$D:$D,Datos!$A:$A,$A8,Datos!$C:$C,C$1) -> 374500 | D8: =SUMIFS(Datos!$D:$D,Datos!$A:$A,$A8,Datos!$C:$C,D$1) -> 9625831 | E8: =SUMIFS(Datos!$D:$D,Datos!$A:$A,$A8,Datos!$C:$C,E$1) -> 3560466 | F8: =SUMIFS(Datos!$D:$D,Datos!$A:$A,$A8,Datos!$C:$C,F$1) -> 0 | G8: =SUMIFS(Datos!$D:$D,Datos!$A:$A,$A8,Datos!$C:$C,G$1) -> 14122 | H8: =SUMIFS(Datos!$D:$D,Datos!$A:$A,$A8,Datos!$C:$C,H$1) -> 0
A9: 2015 | B9: =SUMIFS(Datos!$D:$D,Datos!$A:$A,$A9,Datos!$C:$C,B$1) -> 2735463 | C9: =SUMIFS(Datos!$D:$D,Datos!$A:$A,$A9,Datos!$C:$C,C$1) -> 410587 | D9: =SUMIFS(Datos!$D:$D,Datos!$A:$A,$A9,Datos!$C:$C,D$1) -> 8412542 | E9: =SUMIFS(Datos!$D:$D,Datos!$A:$A,$A9,Datos!$C:$C,E$1) -> 5394035 | F9: =SUMIFS(Datos!$D:$D,Datos!$A:$A,$A9,Datos!$C:$C,F$1) -> 84 | G9: =SUMIFS(Datos!$D:$D,Datos!$A:$A,$A9,Datos!$C:$C,G$1) -> 235577 | H9: =SUMIFS(Datos!$D:$D,Datos!$A:$A,$A9,Datos!$C:$C,H$1) -> 0
A10: 2016 | B10: =SUMIFS(Datos!$D:$D,Datos!$A:$A,$A10,Datos!$C:$C,B$1) -> 2571728 | C10: =SUMIFS(Datos!$D:$D,Datos!$A:$A,$A10,Datos!$C:$C,C$1) -> 435015 | D10: =SUMIFS(Datos!$D:$D,Datos!$A:$A,$A10,Datos!$C:$C,D$1) -> 6825699 | E10: =SUMIFS(Datos!$D:$D,Datos!$A:$A,$A10,Datos!$C:$C,E$1) -> 4805325 | F10: =SUMIFS(Datos!$D:$D,Datos!$A:$A,$A10,Datos!$C:$C,F$1) -> 0 | G10: =SUMIFS(Datos!$D:$D,Datos!$A:$A,$A10,Datos!$C:$C,G$1) -> 304513 | H10: =SUMIFS(Datos!$D:$D,Datos!$A:$A,$A10,Datos!$C:$C,H$1) -> 0
A11: 2017 | B11: =SUMIFS(Datos!$D:$D,Datos!$A:$A,$A11,Datos!$C:$C,B$1) -> 2245593 | C11: =SUMIFS(Datos!$D:$D,Datos!$A:$A,$A11,Datos!$C:$C,C$1) -> 506368 | D11: =SUMIFS(Datos!$D:$D,Datos!$A:$A,$A11,Datos!$C:$C,D$1) -> 8937578 | E11: =SUMIFS(Datos!$D:$D,Datos!$A:$A,$A11,Datos!$C:$C,E$1) -> 5459552 | F11: =SUMIFS(Datos!$D:$D,Datos!$A:$A,$A11,Datos!$C:$C,F$1) -> 200 | G11: =SUMIFS(Datos!$D:$D,Datos!$A:$A,$A11,Datos!$C:$C,G$1) -> 423529 | H11: =SUMIFS(Datos!$D:$D,Datos!$A:$A,$A11,Datos!$C:$C,H$1) -> 0
A12: 2018 | B12: =SUMIFS(Datos!$D:$D,Datos!$A:$A,$A12,Datos!$C:$C,B$1) -> 2118425 | C12: =SUMIFS(Datos!$D:$D,Datos!$A:$A,$A12,Datos!$C:$C,C$1) -> 597183 | D12: =SUMIFS(Datos!$D:$D,Datos!$A:$A,$A12,Datos!$C:$C,D$1) -> 10294662 | E12: =SUMIFS(Datos!$D:$D,Datos!$A:$A,$A12,Datos!$C:$C,E$1) -> 5679385 | F12: =SUMIFS(Datos!$D:$D,Datos!$A:$A,$A12,Datos!$C:$C,F$1) -> 0 | G12: =SUMIFS(Datos!$D:$D,Datos!$A:$A,$A12,Datos!$C:$C,G$1) -> 266428 | H12: =SUMIFS(Datos!$D:$D,Datos!$A:$A,$A12,Datos!$C:$C,H$1) -> 0
A13: 2019 | B13: =SUMIFS(Datos!$D:$D,Datos!$A:$A,$A13,Datos!$C:$C,B$1) -> 2320693 | C13: =SUMIFS(Datos!$D:$D,Datos!$A:$A,$A13,Datos!$C:$C,C$1) -> 530078 | D13: =SUMIFS(Datos!$D:$D,Datos!$A:$A,$A13,Datos!$C:$C,D$1) -> 8757063 | E13: =SUMIFS(Datos!$D:$D,Datos!$A:$A,$A13,Datos!$C:$C,E$1) -> 5860639 | F13: =SUMIFS(Datos!$D:$D,Datos!$A:$A,$A13,Datos!$C:$C,F$1) -> 0 | G13: =SUMIFS(Datos!$D:$D,Datos!$A:$A,$A13,Datos!$C:$C,G$1) -> 242487 | H13: =SUMIFS(Datos!$D:$D,Datos!$A:$A,$A13,Datos!$C:$C,H$1) -> 0
... A18: 2024 | B18: =SUMIFS(Datos!$D:$D,Datos!$A:$A,$A18,Datos!$C:$C,B$1) -> 3825835 | C18: =SUMIFS(Datos!$D:$D,Datos!$A:$A,$A18,Datos!$C:$C,C$1) -> 979807 | D18: =SUMIFS(Datos!$D:$D,Datos!$A:$A,$A18,Datos!$C:$C,D$1) -> 3424082 | E18: =SUMIFS(Datos!$D:$D,Datos!$A:$A,$A18,Datos!$C:$C,E$1) -> 9042703 | F18: =SUMIFS(Datos!$D:$D,Datos!$A:$A,$A18,Datos!$C:$C,F$1) -> 755 | G18: =SUMIFS(Datos!$D:$D,Datos!$A:$A,$A18,Datos!$C:$C,G$1) -> 511737 | H18: =SUMIFS(Datos!$D:$D,Datos!$A:$A,$A18,Datos!$C:$C,H$1) -> 0

Sheet Resumen_Pais
A1: Pais (Partner) | B1: Continente | C1: Valor Exportado Total (US$) | D1: Distancia Ecuador (km) | E1: PIB pais importador 2024 (US$)
A2: Russian Federation | B2: =IFERROR(VLOOKUP($A2,Datos!$B:$C,2,FALSE()),"Sin clasificar") -> Europe | C2: =SUMIF(Datos!$B:$B,$A2,Datos!$D:$D) -> 75350094 | D2: =IFERROR(AVERAGEIF(Datos!$B:$B,$A2,Datos!$F:$F),"") -> 12000 | E2: =IFERROR(SUMIFS(Datos!$G:$G,Datos!$B:$B,$A2,Datos!$A:$A,2024),"") -> 2.1738358e+12
A3: Japan | B3: =IFERROR(VLOOKUP($A3,Datos!$B:$C,2,FALSE()),"Sin clasificar") -> Asia | C3: =SUMIF(Datos!$B:$B,$A3,Datos!$D:$D) -> 64147663 | D3: =IFERROR(AVERAGEIF(Datos!$B:$B,$A3,Datos!$F:$F),"") -> 14500 | E3: =IFERROR(SUMIFS(Datos!$G:$G,Datos!$B:$B,$A3,Datos!$A:$A,2024),"") -> 4.0275975e+12
A4: USA | B4: =IFERROR(VLOOKUP($A4,Datos!$B:$C,2,FALSE()),"Sin clasificar") -> North America | C4: =SUMIF(Datos!$B:$B,$A4,Datos!$D:$D) -> 53108153 | D4: =IFERROR(AVERAGEIF(Datos!$B:$B,$A4,Datos!$F:$F),"") -> 4550 | E4: =IFERROR(SUMIFS(Datos!$G:$G,Datos!$B:$B,$A4,Datos!$A:$A,2024),"") -> 2.8750956e+13
A5: Netherlands | B5: =IFERROR(VLOOKUP($A5,Datos!$B:$C,2,FALSE()),"Sin clasificar") -> Europe | C5: =SUMIF(Datos!$B:$B,$A5,Datos!$D:$D) -> 22010517 | D5: =IFERROR(AVERAGEIF(Datos!$B:$B,$A5,Datos!$F:$F),"") -> 9300 | E5: =IFERROR(SUMIFS(Datos!$G:$G,Datos!$B:$B,$A5,Datos!$A:$A,2024),"") -> 1.2149277e+12
A6: Kazakhstan | B6: =IFERROR(VLOOKUP($A6,Datos!$B:$C,2,FALSE()),"Sin clasificar") -> Asia | C6: =SUMIF(Datos!$B:$B,$A6,Datos!$D:$D) -> 15232905 | D6: =IFERROR(AVERAGEIF(Datos!$B:$B,$A6,Datos!$F:$F),"") -> 13600 | E6: =IFERROR(SUMIFS(Datos!$G:$G,Datos!$B:$B,$A6,Datos!$A:$A,2024),"") -> 2.9148027e+11
A7: Ukraine | B7: =IFERROR(VLOOKUP($A7,Datos!$B:$C,2,FALSE()),"Sin clasificar") -> Europe | C7: =SUMIF(Datos!$B:$B,$A7,Datos!$D:$D) -> 7547669 | D7: =IFERROR(AVERAGEIF(Datos!$B:$B,$A7,Datos!$F:$F),"") -> 11 | E7: =IFERROR(SUMIFS(Datos!$G:$G,Datos!$B:$B,$A7,Datos!$A:$A,2024),"") -> 1.9074126e+11
A8: Spain | B8: =IFERROR(VLOOKUP($A8,Datos!$B:$C,2,FALSE()),"Sin clasificar") -> Europe | C8: =SUMIF(Datos!$B:$B,$A8,Datos!$D:$D) -> 7505896 | D8: =IFERROR(AVERAGEIF(Datos!$B:$B,$A8,Datos!$F:$F),"") -> 8700 | E8: =IFERROR(SUMIFS(Datos!$G:$G,Datos!$B:$B,$A8,Datos!$A:$A,2024),"") -> 1.7256717e+12
A9: Chile | B9: =IFERROR(VLOOKUP($A9,Datos!$B:$C,2,FALSE()),"Sin clasificar") -> South America | C9: =SUMIF(Datos!$B:$B,$A9,Datos!$D:$D) -> 4156202 | D9: =IFERROR(AVERAGEIF(Datos!$B:$B,$A9,Datos!$F:$F),"") -> 2600 | E9: =IFERROR(SUMIFS(Datos!$G:$G,Datos!$B:$B,$A9,Datos!$A:$A,2024),"") -> 3.3026714e+11
A10: Belarus | B10: =IFERROR(VLOOKUP($A10,Datos!$B:$C,2,FALSE()),"Sin clasificar") -> Europe | C10: =SUMIF(Datos!$B:$B,$A10,Datos!$D:$D) -> 3741061 | D10: =IFERROR(AVERAGEIF(Datos!$B:$B,$A10,Datos!$F:$F),"") -> 10600 | E10: =IFERROR(SUMIFS(Datos!$G:$G,Datos!$B:$B,$A10,Datos!$A:$A,2024),"") -> 7.5961865e+10
A11: Australia | B11: =IFERROR(VLOOKUP($A11,Datos!$B:$C,2,FALSE()),"Sin clasificar") -> Oceania | C11: =SUMIF(Datos!$B:$B,$A11,Datos!$D:$D) -> 3374803 | D11: =IFERROR(AVERAGEIF(Datos!$B:$B,$A11,Datos!$F:$F),"") -> 14000 | E11: =IFERROR(SUMIFS(Datos!$G:$G,Datos!$B:$B,$A11,Datos!$A:$A,2024),"") -> 1.7570225e+12
A12: Italy | B12: =IFERROR(VLOOKUP($A12,Datos!$B:$C,2,FALSE()),"Sin clasificar") -> Europe | C12: =SUMIF(Datos!$B:$B,$A12,Datos!$D:$D) -> 2434084 | D12: =IFERROR(AVERAGEIF(Datos!$B:$B,$A12,Datos!$F:$F),"") -> 10100 | E12: =IFERROR(SUMIFS(Datos!$G:$G,Datos!$B:$B,$A12,Datos!$A:$A,2024),"") -> 2.3808251e+12
A13: Dominican Rep. | B13: =IFERROR(VLOOKUP($A13,Datos!$B:$C,2,FALSE()),"Sin clasificar") -> North America | C13: =SUMIF(Datos!$B:$B,$A13,Datos!$D:$D) -> 1769895 | D13: =IFERROR(AVERAGEIF(Datos!$B:$B,$A13,Datos!$F:$F),"") -> 2200 | E13: =IFERROR(SUMIFS(Datos!$G:$G,Datos!$B:$B,$A13,Datos!$A:$A,2024),"") -> 1.2428225e+11
... A113: Saint Vincent and the Grenadines | B113: =IFERROR(VLOOKUP($A113,Datos!$B:$C,2,FALSE()),"Sin clasificar") -> North America | C113: =SUMIF(Datos!$B:$B,$A113,Datos!$D:$D) -> 40 | D113: =IFERROR(AVERAGEIF(Datos!$B:$B,$A113,Datos!$F:$F),"") -> 2650 | E113: =IFERROR(SUMIFS(Datos!$G:$G,Datos!$B:$B,$A113,Datos!$A:$A,2024),"") -> 0

Sheet Analisis
A1: Analisis: Claveles (HS 060312) - continente / distancia / PIB, 2008-2024
A3: 1) Por continente (valor exportado total, US$)
A5: Continente | B5: Valor exportado (US$)
A6: North America | B6: =SUMIF(Datos!$C:$C,$A6,Datos!$D:$D) -> 58775212
A7: South America | B7: =SUMIF(Datos!$C:$C,$A7,Datos!$D:$D) -> 9313586
A8: Europe | B8: =SUMIF(Datos!$C:$C,$A8,Datos!$D:$D) -> 125593959
A9: Asia | B9: =SUMIF(Datos!$C:$C,$A9,Datos!$D:$D) -> 83532577
A10: Africa | B10: =SUMIF(Datos!$C:$C,$A10,Datos!$D:$D) -> 2107
A11: Oceania | B11: =SUMIF(Datos!$C:$C,$A11,Datos!$D:$D) -> 3408833
A12: Sin clasificar | B12: =SUMIF(Datos!$C:$C,$A12,Datos!$D:$D) -> 1025123
A14: 2) Correlacion valor exportado vs distancia a Ecuador (Pearson, -1 a 1): | D14: =CORREL(Resumen_Pais!$C$2:$C$113,Resumen_Pais!$D$2:$D$113) -> 0.036881598
A15: Interpretacion: valor cercano a 0 => la distancia NO explica el volumen exportado.
A17: 3) Correlacion valor exportado vs PIB del pais importador (Pearson, -1 a 1): | D17: =CORREL(Resumen_Pais!$C$2:$C$113,Resumen_Pais!$E$2:$E$113) -> 0.54885813
A18: Interpretacion: valor cercano a 1 => a mayor PIB del pais importador, mayor valor exportado por Ecuador.

Sheet Graficos
